country,year,sex,list,agf,cause,m0,m1,m5,m10,m15,m20,m25,m30,m35,m40,m45,m50,m55,m60,m65,m70,m75,m80,m85p,m85,m90p,m90,m95p,m95,m100p
GBRTENW,2001,1,short,3,0,5946,248,109,160,533,803,845,1074,1304,1852,3028,4698,7643,12774,21063,36133,61198,98422,191657,163132,272480,253677,388160,.,.
GBRTENW,2001,1,short,3,1,205,27,6,5,5,15,16,27,35,42,50,41,55,72,125,217,408,679,1384,1130,2106,1897,3392,.,.
GBRTENW,2001,1,short,3,2,30,35,27,28,46,65,70,133,206,374,813,1653,2990,5165,8116,12651,18741,25264,36304,33843,43279,42613,47375,.,.
GBRTENW,2001,1,short,3,3,24,4,2,4,2,6,4,4,8,7,8,8,15,14,24,31,71,144,382,270,699,683,791,.,.
GBRTENW,2001,1,short,3,4,77,10,6,8,9,18,14,17,28,34,44,75,98,199,318,560,813,1313,2375,2094,3169,3041,3957,.,.
GBRTENW,2001,1,short,3,5,0,0,0,2,23,77,99,99,71,65,60,44,45,53,119,263,855,2102,6836,5353,11037,10405,14925,.,.
GBRTENW,2001,1,short,3,6,191,44,12,25,48,33,35,48,58,73,90,119,158,231,411,711,1581,2842,5315,4753,6906,6834,7349,.,.
GBRTENW,2001,1,short,3,7,84,6,1,9,17,26,31,87,164,372,792,1310,2216,3895,6455,10920,18204,28907,52207,45589,70960,67148,94411,.,.
GBRTENW,2001,1,short,3,8,10,1,3,2,4,10,17,17,34,77,127,218,382,643,1342,2816,5838,11418,25251,21372,36242,33403,53707,.,.
GBRTENW,2001,1,short,3,9,10,1,0,1,3,1,8,10,17,27,51,88,176,394,822,1580,2612,4082,6677,6028,8517,8321,9724,.,.
GBRTENW,2001,1,short,3,10,107,12,1,1,4,6,9,14,26,35,69,88,148,247,461,1007,2568,5833,21839,14865,41602,34856,83105,.,.
GBRTENW,2001,1,short,3,11,60,9,4,4,5,9,10,15,32,37,67,142,347,698,1400,3034,5399,8812,16456,14720,21377,20110,29171,.,.
GBRTENW,2001,1,short,3,12,54,10,2,2,3,14,18,67,119,239,358,460,531,623,794,1275,2086,3372,6442,5333,9585,8919,13681,.,.
GBRTENW,2001,1,short,3,13,0,1,1,2,3,1,2,5,4,5,12,29,24,72,123,198,387,622,2031,1509,3507,3195,5427,.,.
GBRTENW,2001,1,short,3,14,7,1,1,1,3,2,3,3,8,3,22,21,39,82,167,325,807,1577,4658,3629,7575,6766,12550,.,.
GBRTENW,2001,1,short,3,15,4929,41,9,11,23,14,12,14,17,17,13,18,33,42,23,35,37,49,45,35,75,68,113,.,.
GBRTENW,2001,1,short,3,16,158,46,34,59,334,506,498,513,475,445,451,383,387,345,364,511,792,1407,3453,2609,5845,5416,8480,.,.
GBRTENW,2002,1,short,3,0,5986,251,117,158,493,770,853,1023,1279,1883,3048,4635,7416,12554,20496,35109,60025,97546,193910,163125,275991,254566,405141,.,.
GBRTENW,2002,1,short,3,1,114,29,4,3,7,8,14,21,32,39,50,52,60,75,130,206,416,723,1536,1311,2137,1867,3762,.,.
GBRTENW,2002,1,short,3,2,23,39,35,40,50,60,72,114,192,392,817,1579,2953,5178,8141,12578,18585,24752,36353,34093,42376,41432,48069,.,.
GBRTENW,2002,1,short,3,3,47,3,2,2,3,4,3,6,3,8,6,12,16,24,31,52,79,122,373,318,521,503,627,.,.
GBRTENW,2002,1,short,3,4,80,18,7,7,10,16,14,22,20,29,46,64,96,186,290,557,790,1348,2577,2133,3762,3328,6374,.,.
GBRTENW,2002,1,short,3,5,0,0,0,4,20,80,102,91,64,46,48,45,53,52,81,264,823,2056,6850,5098,11521,10520,17556,.,.
GBRTENW,2002,1,short,3,6,215,30,18,20,40,33,35,47,60,74,118,116,173,219,418,766,1631,2838,5465,4937,6873,6591,8569,.,.
GBRTENW,2002,1,short,3,7,74,10,3,4,10,25,45,78,171,395,758,1311,2114,3613,5972,10206,17039,28167,52645,45172,72570,68122,99378,.,.
GBRTENW,2002,1,short,3,8,13,3,1,4,6,5,10,21,37,83,149,209,344,664,1313,2720,5776,11154,26044,21396,38435,36334,51100,.,.
GBRTENW,2002,1,short,3,9,0,0,0,1,3,4,10,16,18,33,62,91,183,396,734,1500,2614,3952,6537,6081,7750,7354,10136,.,.
GBRTENW,2002,1,short,3,10,94,6,2,3,6,5,11,13,30,38,65,100,140,245,435,1004,2494,6030,21884,14528,41498,34808,81822,.,.
GBRTENW,2002,1,short,3,11,37,10,4,8,10,16,7,15,21,26,70,142,327,702,1388,2865,5646,9204,16815,14609,22699,20554,35634,.,.
GBRTENW,2002,1,short,3,12,64,6,4,2,4,13,26,59,131,244,382,454,518,668,886,1282,2147,3375,6371,5305,9212,8556,13167,.,.
GBRTENW,2002,1,short,3,13,7,1,1,1,1,1,1,2,4,9,17,20,33,78,127,200,343,767,2032,1498,3456,2955,6479,.,.
GBRTENW,2002,1,short,3,14,7,1,1,0,2,1,5,6,7,12,18,30,39,84,171,375,826,1775,5149,4029,8135,7127,14212,.,.
GBRTENW,2002,1,short,3,15,5084,45,7,12,9,14,13,16,15,15,17,25,34,33,25,30,40,64,94,71,156,130,313,.,.
GBRTENW,2002,1,short,3,16,127,49,30,47,311,483,486,495,474,441,428,387,333,335,356,503,774,1218,3186,2547,4890,4383,7942,.,.
GBRTENW,2003,1,short,3,0,5797,246,113,139,470,741,798,994,1288,1887,2937,4692,7357,12443,20080,33967,58171,97783,197443,163840,280651,260399,399895,.,.
GBRTENW,2003,1,short,3,1,141,20,6,5,5,9,10,24,33,42,55,58,54,82,122,243,411,716,1704,1381,2505,2266,3913,.,.
GBRTENW,2003,1,short,3,2,33,35,28,32,48,57,63,117,198,391,785,1531,2895,5069,7982,12204,18141,25193,36269,33234,43784,42531,51161,.,.
GBRTENW,2003,1,short,3,3,36,3,3,1,1,2,3,4,3,10,5,8,8,16,42,45,86,162,354,229,664,528,1467,.,.
GBRTENW,2003,1,short,3,4,121,7,5,6,7,17,17,21,28,27,42,70,91,177,338,516,773,1282,2633,2147,3836,3275,7141,.,.
GBRTENW,2003,1,short,3,5,0,0,0,2,13,54,83,92,65,52,48,47,42,56,76,257,803,2073,6913,5440,10560,9779,15162,.,.
GBRTENW,2003,1,short,3,6,186,37,18,16,48,40,37,44,66,83,91,122,163,249,377,828,1625,3072,5863,5237,7414,7078,9391,.,.
GBRTENW,2003,1,short,3,7,78,7,4,5,17,22,41,81,136,362,725,1293,2010,3546,5638,9656,16127,27228,52096,44421,71102,66962,95474,.,.
GBRTENW,2003,1,short,3,8,13,4,2,1,7,15,12,20,42,77,137,218,338,598,1208,2521,5491,11187,25166,20905,35717,34257,44313,.,.
GBRTENW,2003,1,short,3,9,3,0,1,0,2,2,9,15,22,36,54,92,188,377,773,1404,2484,3884,6337,5753,7785,7280,10760,.,.
GBRTENW,2003,1,short,3,10,95,14,2,2,4,2,13,16,23,36,58,109,135,304,478,1031,2546,6123,23384,15174,43714,37315,81388,.,.
GBRTENW,2003,1,short,3,11,43,11,6,7,6,8,9,10,32,35,64,168,359,749,1471,2949,5721,9431,18305,15564,25090,23935,31890,.,.
GBRTENW,2003,1,short,3,12,92,9,3,5,5,11,28,62,145,258,403,517,589,682,904,1236,1973,3297,6987,5826,9864,8848,15847,.,.
GBRTENW,2003,1,short,3,13,7,1,1,1,3,3,2,3,4,9,13,23,38,60,104,230,369,720,2110,1417,3825,3229,7337,.,.
GBRTENW,2003,1,short,3,14,10,2,0,1,1,3,3,6,4,9,13,24,39,77,175,371,819,1929,5561,4205,8920,7777,15651,.,.
GBRTENW,2003,1,short,3,15,4813,40,8,5,12,11,11,10,14,16,17,27,33,41,43,26,37,57,102,89,135,109,293,.,.
GBRTENW,2003,1,short,3,16,128,53,24,49,291,485,456,469,475,445,427,387,376,363,348,448,766,1429,3658,2819,5735,5231,8706,.,.
GBRTENW,2004,1,short,3,0,5579,232,103,146,446,674,741,977,1268,1807,2775,4597,6847,11695,19226,31911,54948,93332,185514,152171,264008,243783,379826,.,.
GBRTENW,2004,1,short,3,1,90,18,5,4,5,8,12,20,26,40,41,61,58,87,120,227,435,762,1780,1357,2778,2629,3630,.,.
GBRTENW,2004,1,short,3,2,38,33,31,31,49,59,71,111,192,350,711,1538,2696,4844,7827,11968,18103,24828,35501,32617,42293,40739,51188,.,.
GBRTENW,2004,1,short,3,3,22,6,2,2,1,1,2,5,5,7,3,11,12,21,31,47,73,113,362,287,538,505,726,.,.
GBRTENW,2004,1,short,3,4,99,9,8,5,8,19,13,17,26,30,41,67,83,132,316,468,781,1140,2414,1894,3638,3401,4992,.,.
GBRTENW,2004,1,short,3,5,0,2,1,1,10,43,78,81,78,65,52,51,37,50,89,238,683,1902,6694,4926,10854,10055,15429,.,.
GBRTENW,2004,1,short,3,6,144,40,11,19,32,37,30,41,49,73,102,114,155,271,429,781,1426,2952,5017,4337,6618,6505,7261,.,.
GBRTENW,2004,1,short,3,7,71,4,2,11,12,24,42,86,156,338,718,1178,1872,3178,5252,8649,14846,25258,49103,40946,68305,63909,93482,.,.
GBRTENW,2004,1,short,3,8,16,5,3,1,4,8,12,21,47,71,122,210,287,564,1050,2330,4795,10127,22660,18229,33093,30551,47648,.,.
GBRTENW,2004,1,short,3,9,6,1,1,0,2,2,4,17,21,32,47,89,182,339,714,1289,2287,3702,5823,5459,6680,6594,7170,.,.
GBRTENW,2004,1,short,3,10,51,20,1,1,3,3,10,13,26,38,55,100,138,235,423,952,2312,5653,20759,13475,37908,31754,73152,.,.
GBRTENW,2004,1,short,3,11,45,6,10,10,4,9,12,14,18,35,66,163,305,736,1413,2633,5123,9264,17507,14905,23633,22308,31221,.,.
GBRTENW,2004,1,short,3,12,51,9,2,4,4,9,24,60,122,238,371,521,551,725,873,1230,1992,3386,6510,5370,9194,8169,15066,.,.
GBRTENW,2004,1,short,3,13,0,1,1,1,1,2,1,4,8,12,12,17,35,69,100,234,415,760,1969,1383,3348,3045,5082,.,.
GBRTENW,2004,1,short,3,14,6,1,1,1,0,2,2,3,5,12,18,25,47,68,167,347,809,1892,5871,4264,9655,8599,15701,.,.
GBRTENW,2004,1,short,3,15,4828,37,8,7,17,16,12,18,15,15,15,23,32,39,25,20,38,68,101,83,142,119,272,.,.
GBRTENW,2004,1,short,3,16,109,43,18,49,294,434,416,467,474,453,400,430,356,338,398,498,831,1524,3443,2641,5333,4901,7805,.,.
GBRTENW,2005,1,short,3,0,5693,226,96,141,428,638,705,906,1244,1779,2807,4415,6821,11436,18392,31041,52754,89743,184795,150703,268082,246512,388584,.,.
GBRTENW,2005,1,short,3,1,151,24,2,3,8,4,14,18,27,41,41,56,66,86,148,254,506,993,2218,1718,3439,3445,3406,.,.
GBRTENW,2005,1,short,3,2,31,35,31,24,32,54,60,94,188,341,737,1426,2716,4761,7603,11840,17234,24210,35779,32852,42928,41757,49467,.,.
GBRTENW,2005,1,short,3,3,35,3,1,2,1,2,3,4,5,2,7,13,13,13,30,39,81,152,368,286,569,457,1192,.,.
GBRTENW,2005,1,short,3,4,79,10,4,7,7,14,13,16,20,31,50,73,81,149,226,448,698,1234,2437,2028,3438,3245,4512,.,.
GBRTENW,2005,1,short,3,5,0,0,1,1,15,43,71,97,85,62,63,63,47,65,92,247,757,1869,6260,4415,10770,9878,15751,.,.
GBRTENW,2005,1,short,3,6,151,26,11,23,37,35,37,35,48,82,104,116,168,242,437,832,1591,2798,5347,4807,6666,6533,7407,.,.
GBRTENW,2005,1,short,3,7,72,12,1,5,18,18,38,72,175,342,649,1103,1779,3049,4877,8134,13934,23737,47922,39997,67285,62672,93059,.,.
GBRTENW,2005,1,short,3,8,16,5,2,3,6,5,9,21,41,69,121,180,287,520,981,2058,4553,9094,21784,17440,32395,29949,46061,.,.
GBRTENW,2005,1,short,3,9,6,0,0,1,4,3,10,9,19,30,58,101,162,309,618,1249,2068,3442,5676,5136,6996,6633,9025,.,.
GBRTENW,2005,1,short,3,10,91,18,1,3,2,6,7,13,24,34,60,110,138,246,443,965,2185,5526,20713,13098,39317,32837,75520,.,.
GBRTENW,2005,1,short,3,11,38,9,7,6,6,7,9,15,17,36,71,157,324,741,1418,2654,5232,8978,17961,15136,24861,22773,36526,.,.
GBRTENW,2005,1,short,3,12,53,5,4,1,5,9,19,49,114,237,384,537,563,727,861,1185,1942,3346,6602,5494,9310,8706,12686,.,.
GBRTENW,2005,1,short,3,13,3,2,1,1,1,1,3,3,8,10,12,27,40,55,103,221,380,834,2066,1539,3352,2931,5704,.,.
GBRTENW,2005,1,short,3,14,6,0,1,0,1,1,2,3,8,12,17,29,37,78,155,359,780,1990,5798,3998,10194,9078,16432,.,.
GBRTENW,2005,1,short,3,15,4860,40,10,8,12,13,12,11,15,15,19,24,32,38,28,37,44,54,87,77,111,100,170,.,.
GBRTENW,2005,1,short,3,16,101,39,23,54,275,422,400,442,449,434,414,400,370,358,373,521,768,1488,3776,2682,6451,5518,11664,.,.
GBRTENW,2006,1,short,3,0,5543,231,116,151,475,681,764,989,1288,1800,2765,4469,6898,11070,17918,29241,50378,86478,174338,141703,260297,240493,366169,.,.
GBRTENW,2006,1,short,3,1,125,20,4,4,7,2,11,23,27,36,54,58,71,117,152,332,588,1221,3016,2429,4560,4258,6170,.,.
GBRTENW,2006,1,short,3,2,39,37,28,42,53,60,81,140,190,355,717,1457,2747,4731,7678,11280,17238,23908,34854,32103,42099,41052,47699,.,.
GBRTENW,2006,1,short,3,3,30,5,1,1,2,3,2,5,4,6,8,11,24,19,25,42,66,145,305,199,583,529,870,.,.
GBRTENW,2006,1,short,3,4,88,8,8,8,7,15,14,14,25,29,44,64,76,128,238,418,683,1090,2291,1892,3342,3006,5142,.,.
GBRTENW,2006,1,short,3,5,0,1,0,0,11,40,81,76,84,56,46,44,42,46,96,220,688,2042,6387,4629,11018,9838,17324,.,.
GBRTENW,2006,1,short,3,6,158,34,15,21,47,42,32,36,51,80,100,132,159,263,413,821,1420,2875,4931,4430,6251,6429,5300,.,.
GBRTENW,2006,1,short,3,7,55,9,2,8,19,20,40,92,160,335,634,1128,1759,2784,4475,7355,12734,21721,43514,36018,63258,58947,86302,.,.
GBRTENW,2006,1,short,3,8,27,2,2,0,7,7,9,27,29,64,112,187,246,482,896,1880,4225,8740,20606,16374,31751,29404,44298,.,.
GBRTENW,2006,1,short,3,9,0,2,1,2,1,4,11,13,27,35,61,96,185,311,640,1108,2029,3147,5450,4859,7006,7000,7040,.,.
GBRTENW,2006,1,short,3,10,61,11,3,2,4,2,6,18,20,38,55,84,144,251,449,913,2023,5080,18185,11307,36302,30545,67079,.,.
GBRTENW,2006,1,short,3,11,76,8,11,7,6,7,9,12,18,31,55,152,326,685,1318,2490,4796,8816,16666,13594,24757,22878,34805,.,.
GBRTENW,2006,1,short,3,12,82,13,2,3,5,7,25,64,151,236,417,560,618,711,894,1269,1865,3452,6450,5357,9328,8572,13368,.,.
GBRTENW,2006,1,short,3,13,6,1,1,0,2,1,2,5,6,10,12,25,35,66,114,210,414,726,1902,1472,3034,2714,4746,.,.
GBRTENW,2006,1,short,3,14,12,2,2,0,1,2,5,3,8,12,18,26,42,87,144,381,864,1992,5975,4279,10445,9365,16216,.,.
GBRTENW,2006,1,short,3,15,4686,29,11,8,11,13,12,13,14,13,15,27,35,40,31,30,36,40,58,48,84,70,158,.,.
GBRTENW,2006,1,short,3,16,97,49,22,46,294,454,425,448,476,461,417,419,390,350,356,491,708,1483,3748,2711,6480,5886,9651,.,.
GBRTENW,2007,1,short,3,0,5441,261,114,132,443,673,751,1004,1280,1783,2623,4266,6883,10614,17687,27911,48769,84180,171982,140143,261618,236552,386731,.,.
GBRTENW,2007,1,short,3,1,152,27,6,2,6,8,13,16,28,39,47,59,71,115,149,299,654,1325,3147,2388,5285,4670,8354,.,.
GBRTENW,2007,1,short,3,2,30,37,34,27,48,55,79,118,181,369,669,1408,2729,4576,7708,11071,16809,23738,34517,31583,42775,41170,50790,.,.
GBRTENW,2007,1,short,3,3,30,5,4,0,2,5,3,4,4,9,9,14,14,18,27,35,74,98,321,204,651,514,1331,.,.
GBRTENW,2007,1,short,3,4,116,21,6,7,10,14,14,19,26,23,44,52,87,113,232,395,726,1099,2177,1732,3431,3141,4879,.,.
GBRTENW,2007,1,short,3,5,0,0,0,1,10,46,70,90,67,65,55,44,39,54,102,244,733,2116,7065,5136,12495,11370,18113,.,.
GBRTENW,2007,1,short,3,6,143,32,18,21,35,36,36,45,54,67,101,117,164,245,435,783,1606,2933,5580,4944,7369,6950,9463,.,.
GBRTENW,2007,1,short,3,7,98,15,3,4,15,25,37,82,164,298,586,1062,1726,2630,4277,6774,12031,21065,42395,35351,62225,56918,88717,.,.
GBRTENW,2007,1,short,3,8,33,2,2,1,5,9,14,17,31,63,101,167,246,422,847,1781,3824,8163,18989,15103,29926,27479,42140,.,.
GBRTENW,2007,1,short,3,9,3,2,0,1,1,3,6,15,22,34,58,89,172,320,543,1095,1886,2978,5300,4788,6740,6713,6876,.,.
GBRTENW,2007,1,short,3,10,65,11,3,4,6,4,4,8,26,40,71,89,143,239,430,827,1872,4684,17394,10996,35408,28091,71934,.,.
GBRTENW,2007,1,short,3,11,42,9,6,6,7,10,7,10,25,34,77,150,347,638,1384,2439,4668,8434,16730,13844,24857,23142,33417,.,.
GBRTENW,2007,1,short,3,12,42,7,3,4,2,8,28,71,140,259,355,555,641,697,907,1134,1867,3212,6321,5280,9254,8590,12568,.,.
GBRTENW,2007,1,short,3,13,6,2,1,1,2,0,3,5,3,9,11,22,31,69,108,179,347,758,1986,1556,3195,2724,5545,.,.
GBRTENW,2007,1,short,3,14,12,2,0,1,1,3,6,2,8,7,18,25,40,81,159,374,905,2008,6343,4440,11702,9632,22031,.,.
GBRTENW,2007,1,short,3,15,4560,41,8,8,10,12,12,9,17,18,20,25,30,41,30,22,31,59,75,68,94,83,148,.,.
GBRTENW,2007,1,short,3,16,110,49,21,46,285,435,419,493,486,446,401,387,402,355,349,458,735,1510,3643,2732,6210,5365,10424,.,.
GBRTENW,2008,1,short,3,0,5360,213,114,111,432,686,746,969,1332,1825,2713,4233,6625,10379,17065,27627,47577,82301,172064,140902,266177,238892,393050,.,.
GBRTENW,2008,1,short,3,1,121,26,5,2,5,6,13,19,31,40,57,59,74,106,160,252,483,962,2297,1883,3547,3141,5431,.,.
GBRTENW,2008,1,short,3,2,12,24,36,18,38,60,72,107,196,320,682,1345,2635,4495,7468,11230,16619,23511,34551,31923,42485,40766,50480,.,.
GBRTENW,2008,1,short,3,3,17,4,3,1,5,1,2,2,4,8,11,10,13,16,31,40,54,81,302,198,615,507,1114,.,.
GBRTENW,2008,1,short,3,4,127,17,7,6,5,14,22,16,28,36,43,62,86,126,217,389,716,1080,2423,1913,3962,3451,6336,.,.
GBRTENW,2008,1,short,3,5,0,0,0,0,9,42,59,88,88,80,61,50,56,66,91,284,826,2192,7499,5403,13830,12058,22072,.,.
GBRTENW,2008,1,short,3,6,182,21,17,17,33,43,39,39,45,82,98,127,172,274,431,802,1729,3226,5757,5085,7786,7649,8425,.,.
GBRTENW,2008,1,short,3,7,92,7,5,5,16,22,48,71,180,318,612,1052,1573,2492,3974,6512,11230,19971,42388,34975,64778,58853,92327,.,.
GBRTENW,2008,1,short,3,8,14,2,2,1,6,7,14,23,37,56,100,173,254,418,788,1606,3727,7719,18828,14958,30517,27271,45606,.,.
GBRTENW,2008,1,short,3,9,3,0,0,2,1,4,8,17,26,28,67,84,145,253,536,992,1841,2829,4913,4287,6804,6621,7659,.,.
GBRTENW,2008,1,short,3,10,98,14,4,2,3,6,6,18,28,37,52,86,141,233,486,801,1849,4822,17792,11562,36608,29342,70394,.,.
GBRTENW,2008,1,short,3,11,26,13,5,7,5,8,8,9,19,36,62,139,352,670,1369,2521,4616,8597,16865,14247,24772,22552,35093,.,.
GBRTENW,2008,1,short,3,12,55,6,3,3,3,13,25,84,146,257,386,542,631,710,870,1198,1883,3104,6305,5500,8734,7917,12533,.,.
GBRTENW,2008,1,short,3,13,3,2,0,1,2,2,3,2,6,9,12,24,32,57,117,192,394,754,1847,1363,3307,3000,4735,.,.
GBRTENW,2008,1,short,3,14,12,2,1,1,1,2,4,8,8,8,10,27,40,73,147,317,859,2018,6632,4856,11994,10156,20540,.,.
GBRTENW,2008,1,short,3,15,4504,36,8,6,10,9,12,9,9,17,16,26,27,29,24,21,22,37,63,52,93,99,70,.,.
GBRTENW,2008,1,short,3,16,92,39,19,38,291,446,411,456,483,493,444,425,395,360,356,472,730,1397,3603,2696,6345,5508,10235,.,.
GBRTENW,2009,1,short,3,0,5190,178,93,115,429,608,728,904,1334,1882,2609,4012,6602,9949,16195,26433,44855,78743,164467,136228,251930,225612,369341,.,.
GBRTENW,2009,1,short,3,1,110,25,5,7,4,5,7,13,28,37,58,60,84,87,130,235,402,803,1835,1598,2570,2332,3629,.,.
GBRTENW,2009,1,short,3,2,26,26,24,22,51,58,72,112,179,357,663,1298,2590,4470,7262,10917,16110,23349,34169,31983,40940,39454,47569,.,.
GBRTENW,2009,1,short,3,3,14,2,0,1,4,3,4,3,6,8,7,11,13,14,32,50,75,112,301,195,626,549,972,.,.
GBRTENW,2009,1,short,3,4,98,8,8,8,8,18,17,11,31,30,37,60,93,112,188,348,649,1022,2167,1652,3764,3169,6416,.,.
GBRTENW,2009,1,short,3,5,0,1,0,0,10,25,52,75,81,74,47,50,59,57,119,238,823,2226,7229,5367,12999,11482,19766,.,.
GBRTENW,2009,1,short,3,6,156,27,10,18,38,37,27,33,54,61,87,121,175,230,411,786,1577,3150,5910,5324,7723,7682,7907,.,.
GBRTENW,2009,1,short,3,7,46,5,1,6,19,26,36,76,164,309,574,963,1576,2328,3711,6094,10459,18655,40020,33368,60623,54325,88722,.,.
GBRTENW,2009,1,short,3,8,12,1,1,1,4,3,9,20,34,58,94,140,239,378,687,1558,3333,7102,17581,14352,27582,25063,38820,.,.
GBRTENW,2009,1,short,3,9,6,0,0,0,2,3,8,13,28,41,43,76,158,250,540,927,1575,2713,4600,4113,6107,5762,7647,.,.
GBRTENW,2009,1,short,3,10,72,14,6,3,7,8,11,20,36,45,59,104,169,250,380,831,1802,4363,16203,10534,33760,26902,64354,.,.
GBRTENW,2009,1,short,3,11,35,6,5,5,8,5,6,16,18,26,57,140,320,606,1250,2399,4299,7922,16404,13844,24332,22073,34413,.,.
GBRTENW,2009,1,short,3,12,38,4,0,3,4,13,29,67,143,290,375,472,602,678,835,1055,1787,3089,6009,5090,8856,8066,12378,.,.
GBRTENW,2009,1,short,3,13,3,0,0,2,2,3,3,3,11,10,10,20,38,53,96,189,344,659,1990,1527,3424,3073,4990,.,.
GBRTENW,2009,1,short,3,14,9,1,0,0,2,1,3,2,6,6,15,23,40,67,137,348,827,2041,6389,4550,12085,10261,20220,.,.
GBRTENW,2009,1,short,3,15,4467,33,16,11,12,13,14,12,16,14,15,31,29,38,22,27,29,28,54,43,90,96,65,.,.
GBRTENW,2009,1,short,3,16,98,25,18,28,254,386,431,427,499,516,468,443,416,332,393,429,764,1509,3606,2689,6449,5323,11471,.,.
GBRTENW,2010,1,short,3,0,4751,193,99,107,332,589,636,876,1221,1792,2548,3936,6401,9922,15782,26017,43632,75839,161967,132355,246527,221451,364837,.,.
GBRTENW,2010,1,short,3,1,121,13,7,2,4,8,6,16,26,38,42,57,64,88,127,208,337,628,1612,1327,2425,2090,4007,.,.
GBRTENW,2010,1,short,3,2,32,27,25,26,39,45,74,108,187,336,644,1323,2535,4284,7018,10897,15805,22676,34013,31220,41989,40799,47601,.,.
GBRTENW,2010,1,short,3,3,26,5,0,2,2,4,5,3,3,9,6,10,13,21,25,41,53,98,239,194,367,342,486,.,.
GBRTENW,2010,1,short,3,4,109,8,8,3,6,18,17,20,27,38,49,59,87,103,176,337,570,1030,2263,1811,3551,3056,5889,.,.
GBRTENW,2010,1,short,3,5,3,0,0,0,5,19,43,66,77,68,60,46,55,64,108,276,785,2266,7879,5770,13901,12137,22222,.,.
GBRTENW,2010,1,short,3,6,115,22,16,15,32,36,35,31,48,69,98,107,177,269,422,836,1806,3317,5785,5251,7309,7224,7711,.,.
GBRTENW,2010,1,short,3,7,43,15,3,5,14,21,40,73,147,305,549,939,1483,2367,3597,5783,9924,17866,39333,31958,60394,54342,88948,.,.
GBRTENW,2010,1,short,3,8,17,2,1,2,6,4,4,21,38,59,90,154,245,354,740,1521,3116,6628,17418,13847,27617,24861,40618,.,.
GBRTENW,2010,1,short,3,9,6,0,0,1,1,5,10,13,28,43,62,81,152,252,492,905,1622,2501,4523,4160,5559,5231,7104,.,.
GBRTENW,2010,1,short,3,10,57,16,3,4,5,9,8,15,26,38,62,76,138,228,369,762,1588,3945,15394,9937,30978,24470,61686,.,.
GBRTENW,2010,1,short,3,11,20,7,5,4,3,7,10,7,15,43,56,125,328,637,1254,2403,4323,7788,15954,13400,23246,20876,34425,.,.
GBRTENW,2010,1,short,3,12,34,5,6,1,6,10,19,70,143,258,363,468,616,732,850,1077,1742,2881,6108,5088,9019,8666,10686,.,.
GBRTENW,2010,1,short,3,13,3,1,0,0,1,2,4,5,6,12,15,23,42,54,99,185,369,759,1771,1316,3070,2640,5100,.,.
GBRTENW,2010,1,short,3,14,17,2,1,1,2,2,1,4,5,11,15,26,42,81,142,314,805,2017,6076,4239,11319,9729,18822,.,.
GBRTENW,2010,1,short,3,15,4056,37,8,8,11,13,15,8,11,12,16,27,33,28,29,29,28,42,67,66,71,73,61,.,.
GBRTENW,2010,1,short,3,16,92,35,17,34,197,385,347,415,433,452,420,415,393,362,333,444,758,1398,3533,2771,5711,4914,9472,.,.
GBRTENW,2011,1,short,3,0,5005,194,100,98,310,500,609,787,1192,1734,2462,3824,6160,9596,14895,25466,41225,72976,156511,126442,233850,210707,353077,.,.
GBRTENW,2011,1,short,3,1,112,28,5,1,3,5,8,12,21,27,43,58,73,89,120,193,358,680,1693,1294,2720,2503,3838,.,.
GBRTENW,2011,1,short,3,2,22,24,34,29,36,52,66,104,183,315,623,1253,2522,4255,6911,10920,15472,22643,34175,31261,41670,39779,51412,.,.
GBRTENW,2011,1,short,3,3,22,3,2,1,2,3,3,3,7,4,5,12,14,24,28,34,54,133,250,153,501,383,1105,.,.
GBRTENW,2011,1,short,3,4,65,13,5,2,6,12,12,18,22,35,49,50,85,109,172,272,514,918,2026,1539,3280,2844,5525,.,.
GBRTENW,2011,1,short,3,5,0,1,1,1,2,2,9,12,20,22,32,31,50,72,144,464,1410,4093,13819,10084,23425,20566,38152,.,.
GBRTENW,2011,1,short,3,6,143,19,12,12,26,37,36,36,46,68,90,125,142,251,413,810,1673,3125,5746,4976,7727,7274,10061,.,.
GBRTENW,2011,1,short,3,7,82,7,2,9,13,20,38,65,155,271,490,864,1404,2159,3137,5429,8902,15772,34779,28428,51114,46755,73570,.,.
GBRTENW,2011,1,short,3,8,8,2,0,1,5,5,6,17,30,51,89,144,239,338,606,1329,2574,5424,13654,10546,21648,19618,32103,.,.
GBRTENW,2011,1,short,3,9,8,0,1,0,2,7,8,14,18,37,47,70,122,203,412,770,1303,2259,3894,3502,4902,4793,5467,.,.
GBRTENW,2011,1,short,3,10,84,14,4,2,4,4,12,19,32,41,56,102,147,204,336,713,1440,3841,14981,9483,29122,23463,58274,.,.
GBRTENW,2011,1,short,3,11,62,8,5,4,4,3,9,10,23,35,59,133,295,650,1214,2486,4197,7839,15925,13120,23140,21152,33383,.,.
GBRTENW,2011,1,short,3,12,22,6,2,2,6,7,28,60,127,269,352,471,577,719,803,1112,1661,2754,5507,4687,7617,7029,10643,.,.
GBRTENW,2011,1,short,3,13,3,3,1,1,2,3,4,6,8,9,14,28,40,75,89,181,336,616,1724,1314,2778,2471,4362,.,.
GBRTENW,2011,1,short,3,14,0,0,0,1,0,1,1,3,3,10,10,17,45,64,124,263,603,1472,4803,3352,8535,7189,15470,.,.
GBRTENW,2011,1,short,3,15,4305,37,6,6,9,10,9,16,11,9,14,21,24,33,26,20,26,45,60,54,73,53,174,.,.
GBRTENW,2011,1,short,3,16,65,31,19,26,190,331,360,392,486,533,488,444,382,351,360,470,702,1361,3475,2649,5600,4835,9538,.,.
GBRTENW,2012,1,short,3,0,4659,188,89,106,316,481,570,757,1092,1679,2426,3620,5867,9443,14599,24833,41148,73323,161550,128703,241480,216557,380502,.,.
GBRTENW,2012,1,short,3,1,78,14,6,1,2,5,6,11,20,24,46,55,63,107,122,197,362,570,1457,1121,2276,2018,3718,.,.
GBRTENW,2012,1,short,3,2,22,25,25,25,34,46,64,100,169,312,641,1223,2446,4310,6718,10599,15447,22602,34869,31516,43027,41472,51702,.,.
GBRTENW,2012,1,short,3,3,19,4,1,1,1,2,2,2,5,7,8,10,14,15,28,46,64,93,226,175,351,291,686,.,.
GBRTENW,2012,1,short,3,4,86,13,6,8,6,11,17,20,25,35,40,50,79,121,168,291,544,921,2034,1672,2914,2503,5205,.,.
GBRTENW,2012,1,short,3,5,0,1,0,0,0,2,4,15,21,29,35,28,43,73,156,494,1539,4720,15677,11476,25900,23253,40664,.,.
GBRTENW,2012,1,short,3,6,161,20,12,14,30,31,26,31,47,57,98,122,175,274,445,891,1814,3391,6731,5917,8712,8469,10066,.,.
GBRTENW,2012,1,short,3,7,72,11,2,4,14,21,37,67,123,277,460,819,1316,1993,3034,5156,8467,15804,35338,27923,53381,47623,85503,.,.
GBRTENW,2012,1,short,3,8,11,4,1,0,3,4,10,15,26,57,91,129,196,306,576,1227,2479,5113,13438,10432,20752,18403,33858,.,.
GBRTENW,2012,1,short,3,9,3,0,0,0,2,4,5,9,23,30,51,70,127,214,397,755,1249,2060,3913,3424,5103,4870,6406,.,.
GBRTENW,2012,1,short,3,10,64,16,3,3,2,5,5,9,15,29,48,69,101,186,327,635,1507,3667,15116,9143,29651,23545,63712,.,.
GBRTENW,2012,1,short,3,11,22,4,6,4,7,5,5,7,18,39,63,122,262,686,1256,2567,4431,8007,16956,13972,24219,21876,37290,.,.
GBRTENW,2012,1,short,3,12,25,4,1,2,7,4,28,58,109,233,325,433,535,647,818,1035,1669,2832,5627,4667,7963,7412,11038,.,.
GBRTENW,2012,1,short,3,13,6,1,0,1,3,2,2,4,6,11,13,20,37,57,100,187,307,687,1686,1256,2732,2474,4175,.,.
GBRTENW,2012,1,short,3,14,6,0,1,0,1,1,1,3,3,7,13,16,37,71,109,265,579,1494,4925,3319,8834,7373,16986,.,.
GBRTENW,2012,1,short,3,15,3978,38,10,7,10,12,13,11,14,11,15,21,28,29,30,27,21,44,69,56,100,97,114,.,.
GBRTENW,2012,1,short,3,16,108,32,14,33,193,325,349,397,469,520,477,432,407,355,315,460,670,1318,3488,2634,5564,4880,9380,.,.
GBRTENW,2013,1,short,3,0,4319,182,88,101,300,462,599,789,1183,1719,2480,3672,5916,9582,14403,24366,40656,73146,161705,127987,241038,218992,373662,.,.
GBRTENW,2013,1,short,3,1,59,13,7,4,3,3,9,11,23,34,43,54,71,85,120,184,363,674,1559,1177,2457,2331,3218,.,.
GBRTENW,2013,1,short,3,2,28,35,25,25,29,40,68,109,171,316,645,1215,2338,4284,6617,10387,15002,21931,34287,30743,42626,41563,49021,.,.
GBRTENW,2013,1,short,3,3,14,5,1,0,3,2,1,2,5,4,4,12,21,23,26,46,69,83,229,158,395,298,977,.,.
GBRTENW,2013,1,short,3,4,62,9,6,4,9,11,16,21,22,37,45,66,81,107,176,279,545,924,1943,1503,2979,2547,5574,.,.
GBRTENW,2013,1,short,3,5,0,0,0,1,1,3,11,15,18,27,33,41,51,72,159,513,1599,4836,16597,12118,27136,24454,43274,.,.
GBRTENW,2013,1,short,3,6,115,24,16,10,28,28,34,34,51,63,88,120,172,264,464,843,1844,3744,7283,6378,9410,9006,11839,.,.
GBRTENW,2013,1,short,3,7,67,11,2,6,11,20,40,59,126,255,489,816,1349,2052,3019,5187,8419,15492,34965,27486,52559,47779,81318,.,.
GBRTENW,2013,1,short,3,8,17,0,0,1,4,5,6,21,34,58,84,131,234,336,535,1193,2423,5122,12444,9519,19327,17543,30056,.,.
GBRTENW,2013,1,short,3,9,3,0,0,1,2,3,8,15,19,35,42,73,112,224,350,686,1241,1981,3661,3070,5053,4833,6379,.,.
GBRTENW,2013,1,short,3,10,53,16,2,3,2,3,6,12,19,29,63,69,102,199,289,615,1490,3830,14998,9055,28981,23424,62411,.,.
GBRTENW,2013,1,short,3,11,31,4,6,3,6,6,6,12,19,37,67,127,278,695,1229,2620,4517,8370,17691,14430,25365,23334,37585,.,.
GBRTENW,2013,1,short,3,12,25,5,2,2,9,6,25,52,133,244,326,414,572,672,807,955,1429,2624,5639,4772,7676,6956,12011,.,.
GBRTENW,2013,1,short,3,13,3,1,0,1,2,3,3,2,5,9,13,24,31,64,101,153,348,629,1675,1216,2756,2412,4827,.,.
GBRTENW,2013,1,short,3,14,0,1,0,0,1,1,3,3,2,10,8,23,45,71,122,245,548,1371,4798,3315,8289,7155,15114,.,.
GBRTENW,2013,1,short,3,15,3767,32,8,7,8,7,8,10,15,22,16,15,26,33,29,19,33,33,57,48,77,90,0,.,.
GBRTENW,2013,1,short,3,16,76,26,12,35,182,322,354,412,521,538,513,472,434,400,361,441,788,1501,3879,2999,5949,5267,10057,.,.
GBRTENW,2014,1,short,3,0,4062,182,92,108,305,493,610,788,1132,1697,2501,3640,5789,9399,14205,23716,39638,70196,156892,124260,231679,211982,350972,.,.
GBRTENW,2014,1,short,3,1,69,15,2,7,5,5,6,7,28,26,38,56,74,91,129,183,345,622,1442,1117,2185,2017,3201,.,.
GBRTENW,2014,1,short,3,2,20,25,30,26,38,48,66,104,163,321,616,1190,2304,4146,6535,10195,14867,21865,34793,31180,43073,41492,52646,.,.
GBRTENW,2014,1,short,3,3,20,3,2,2,1,4,3,3,3,5,10,11,15,22,36,52,56,98,238,185,359,291,773,.,.
GBRTENW,2014,1,short,3,4,69,14,4,6,11,13,16,26,30,37,46,65,91,137,179,323,510,998,1975,1562,2923,2650,4580,.,.
GBRTENW,2014,1,short,3,5,0,0,0,0,1,3,3,11,18,25,33,33,34,72,184,553,1702,5131,18382,13077,30540,27747,47458,.,.
GBRTENW,2014,1,short,3,6,127,21,10,18,28,29,35,41,47,49,82,109,135,260,440,885,1880,3928,7960,6764,10701,10454,12196,.,.
GBRTENW,2014,1,short,3,7,55,6,2,3,9,20,33,69,117,268,490,804,1290,2066,2933,4733,7918,14421,32921,26238,48238,43766,75327,.,.
GBRTENW,2014,1,short,3,8,17,2,1,1,4,5,6,17,32,67,79,139,225,316,551,1124,2376,4890,12436,9358,19489,17814,29634,.,.
GBRTENW,2014,1,short,3,9,9,1,1,0,3,3,4,9,17,34,57,74,141,187,328,693,1178,1853,3515,3121,4419,4137,6125,.,.
GBRTENW,2014,1,short,3,10,29,16,5,3,8,7,7,10,22,32,58,82,123,226,336,698,1582,3751,15021,9199,28364,23498,57833,.,.
GBRTENW,2014,1,short,3,11,29,6,3,8,5,3,7,4,9,32,56,105,252,608,1158,2359,4089,6593,13162,11233,17583,16942,21467,.,.
GBRTENW,2014,1,short,3,12,12,4,2,2,2,5,26,60,122,210,331,409,551,684,792,1013,1528,2657,5452,4435,7784,7274,10871,.,.
GBRTENW,2014,1,short,3,13,6,1,0,1,3,4,1,2,3,12,13,15,34,63,91,136,287,614,1592,1105,2709,2428,4415,.,.
GBRTENW,2014,1,short,3,14,9,0,0,0,1,2,1,2,5,9,12,19,24,55,85,217,492,1249,4227,2804,7487,6308,14624,.,.
GBRTENW,2014,1,short,3,15,3511,34,16,7,8,7,9,9,9,13,20,30,46,51,57,26,36,39,79,56,133,145,55,.,.
GBRTENW,2014,1,short,3,16,81,35,14,25,178,336,386,414,506,559,557,497,451,413,372,525,793,1488,3696,2826,5691,5018,9768,.,.
GBRTENW,2015,1,short,3,0,4438,173,82,103,308,504,593,802,1137,1713,2500,3707,5812,9522,14340,23584,40678,72280,164700,128795,245539,223106,367029,.,.
GBRTENW,2015,1,short,3,1,70,20,4,3,3,2,5,17,12,39,42,59,78,95,128,210,390,688,1652,1352,2327,2257,2706,.,.
GBRTENW,2015,1,short,3,2,29,25,24,23,41,42,66,99,176,300,600,1175,2257,4109,6436,9962,14785,21674,34303,30713,42387,40990,49950,.,.
GBRTENW,2015,1,short,3,3,20,4,3,2,1,1,3,3,3,8,7,11,17,35,28,49,71,116,245,155,447,372,855,.,.
GBRTENW,2015,1,short,3,4,96,12,5,7,11,16,17,19,30,39,58,63,95,134,204,298,558,975,2268,1765,3398,3166,4653,.,.
GBRTENW,2015,1,short,3,5,0,0,1,0,0,3,6,13,19,31,29,33,35,62,171,556,1973,5882,20941,14761,34854,31689,51992,.,.
GBRTENW,2015,1,short,3,6,134,25,9,13,25,35,35,32,43,58,85,108,163,257,457,941,2140,4585,9263,7745,12680,11988,16428,.,.
GBRTENW,2015,1,short,3,7,41,5,2,6,10,22,36,61,114,256,497,827,1300,2069,2948,4740,7989,14266,33089,25754,49603,45322,72789,.,.
GBRTENW,2015,1,short,3,8,6,2,0,2,6,5,9,10,23,45,80,130,213,349,552,1068,2397,4910,12328,9492,18714,16733,29438,.,.
GBRTENW,2015,1,short,3,9,0,1,1,0,2,5,5,12,18,39,58,81,116,212,350,641,1130,1788,3273,2847,4231,4241,4178,.,.
GBRTENW,2015,1,short,3,10,58,19,4,6,6,8,11,15,24,39,66,101,154,279,392,738,1726,4183,17473,10620,32902,26282,68753,.,.
GBRTENW,2015,1,short,3,11,23,3,3,4,3,4,5,11,15,31,64,138,259,632,1217,2407,4228,7042,14119,11935,19037,17643,26589,.,.
GBRTENW,2015,1,short,3,12,26,6,2,2,4,4,17,57,133,221,330,447,561,685,800,1044,1507,2621,5339,4324,7624,7234,9734,.,.
GBRTENW,2015,1,short,3,13,6,1,1,1,2,1,1,2,6,10,16,19,43,64,105,167,309,621,1533,1215,2249,1910,4083,.,.
GBRTENW,2015,1,short,3,14,3,1,1,0,1,1,2,4,2,6,12,17,30,57,108,235,545,1271,4670,2932,8584,7267,15716,.,.
GBRTENW,2015,1,short,3,15,3834,24,13,7,5,8,8,8,11,8,17,29,36,55,54,35,49,28,51,43,70,74,47,.,.
GBRTENW,2015,1,short,3,16,93,26,10,27,190,346,365,439,508,584,541,470,455,429,389,493,883,1630,4154,3142,6432,5936,9116,.,.
GBRTENW,2016,1,short,3,0,4211,156,75,99,293,527,631,841,1125,1787,2558,3713,5776,9414,14597,23141,40308,69806,158855,124501,235017,212310,343966,.,.
GBRTENW,2016,1,short,3,1,46,10,2,3,4,5,5,14,19,30,41,50,80,103,125,197,359,667,1670,1305,2481,2254,3567,.,.
GBRTENW,2016,1,short,3,2,15,27,19,26,36,51,62,109,168,319,621,1196,2219,4007,6485,9661,14873,21232,33899,30159,42189,40839,48664,.,.
GBRTENW,2016,1,short,3,3,17,6,1,1,1,2,4,2,4,4,8,16,20,26,28,50,70,113,256,171,443,356,861,.,.
GBRTENW,2016,1,short,3,4,67,12,7,4,9,17,18,20,25,43,64,81,112,144,207,301,570,1035,2290,1724,3544,3087,5740,.,.
GBRTENW,2016,1,short,3,5,0,1,0,0,1,4,9,17,20,29,28,28,36,68,179,565,1951,5733,20821,14721,34343,30650,52066,.,.
GBRTENW,2016,1,short,3,6,93,16,7,11,20,25,33,28,32,63,78,113,172,275,509,987,2263,4483,9975,8504,13236,12371,17383,.,.
GBRTENW,2016,1,short,3,7,41,7,4,5,13,20,30,69,124,273,480,778,1264,2016,3011,4526,7654,13561,31394,24518,46638,42148,68178,.,.
GBRTENW,2016,1,short,3,8,23,2,1,4,2,5,10,14,26,45,95,136,192,345,539,1092,2227,4517,11266,8575,17230,15806,24065,.,.
GBRTENW,2016,1,short,3,9,3,1,0,1,0,4,9,15,17,43,58,78,126,204,323,627,1102,1667,3146,2666,4212,4056,4961,.,.
GBRTENW,2016,1,short,3,10,64,8,7,3,7,12,12,16,26,51,76,115,153,249,471,738,1651,3873,15395,9349,28801,22884,57191,.,.
GBRTENW,2016,1,short,3,11,17,6,2,5,6,4,7,7,15,41,69,118,318,692,1217,2449,4300,6841,12934,10881,17486,16218,23573,.,.
GBRTENW,2016,1,short,3,12,23,2,1,3,4,5,21,64,114,210,351,440,556,698,846,1023,1559,2547,5375,4401,7534,6925,10454,.,.
GBRTENW,2016,1,short,3,13,0,0,0,0,2,1,1,4,6,12,12,25,29,56,107,164,324,583,1669,1349,2379,2158,3444,.,.
GBRTENW,2016,1,short,3,14,0,0,2,1,0,1,2,3,4,7,9,13,34,65,110,231,513,1286,4465,2987,7741,6440,13980,.,.
GBRTENW,2016,1,short,3,15,3737,32,11,3,10,10,13,8,8,11,20,29,44,49,43,39,40,44,60,56,67,73,41,.,.
GBRTENW,2016,1,short,3,16,64,26,11,29,179,362,396,452,516,606,551,497,420,415,398,491,852,1622,4241,3135,6692,6044,9798,.,.
GBRTENW,2001,2,short,3,0,4931,221,117,106,239,296,342,489,747,1194,1960,3140,4820,7885,12672,22372,38768,66560,156061,117736,225862,197747,332016,.,.
GBRTENW,2001,2,short,3,1,134,16,6,6,13,9,16,16,16,19,21,31,44,55,110,174,331,481,1129,861,1616,1474,2152,.,.
GBRTENW,2001,2,short,3,2,32,30,32,30,34,44,83,157,292,531,974,1721,2649,3944,5563,8317,11134,14129,19488,17848,22475,21258,27070,.,.
GBRTENW,2001,2,short,3,3,18,4,2,2,1,5,3,3,1,4,5,10,11,15,24,44,67,99,379,253,608,523,929,.,.
GBRTENW,2001,2,short,3,4,102,19,7,4,14,13,8,13,16,24,26,39,57,134,217,362,574,1086,2302,1839,3146,2803,4440,.,.
GBRTENW,2001,2,short,3,5,0,2,0,2,9,16,18,17,15,18,20,21,25,33,61,197,807,2394,9302,6253,14857,13003,21860,.,.
GBRTENW,2001,2,short,3,6,137,34,20,11,27,23,23,36,37,52,83,104,152,214,308,582,1080,1965,4266,3535,5598,5190,7135,.,.
GBRTENW,2001,2,short,3,7,74,14,5,6,11,18,10,22,59,104,187,323,642,1413,2661,5308,10012,18111,42213,32582,59755,53287,84176,.,.
GBRTENW,2001,2,short,3,8,0,1,1,3,1,4,14,16,38,69,119,163,265,453,975,2090,4843,10338,27787,20854,40414,36215,56268,.,.
GBRTENW,2001,2,short,3,9,4,0,0,0,2,2,5,11,15,18,39,57,92,173,383,812,1560,2583,5322,4237,7297,6830,9061,.,.
GBRTENW,2001,2,short,3,10,77,13,4,1,4,3,8,5,18,24,39,56,85,145,308,719,1828,4427,19612,11399,34569,26128,66439,.,.
GBRTENW,2001,2,short,3,11,28,11,7,5,8,10,9,8,13,28,53,124,230,532,968,1889,3094,4442,7801,6301,10533,9051,16128,.,.
GBRTENW,2001,2,short,3,12,60,8,4,3,3,10,15,42,61,124,206,261,296,422,628,1010,1796,3068,6624,5158,9293,8442,12504,.,.
GBRTENW,2001,2,short,3,13,4,3,1,1,2,3,3,5,9,8,17,28,44,78,132,262,551,1105,3132,2083,5043,4315,7792,.,.
GBRTENW,2001,2,short,3,14,14,1,1,1,3,8,9,11,10,14,18,21,40,82,128,256,512,1213,3385,2268,5420,4779,7838,.,.
GBRTENW,2001,2,short,3,15,4101,27,12,10,9,12,14,12,11,15,12,27,36,27,30,33,36,37,54,51,61,53,91,.,.
GBRTENW,2001,2,short,3,16,148,37,17,24,99,116,103,116,136,143,141,154,152,164,176,318,543,1082,3264,2213,5177,4395,8132,.,.
GBRTENW,2002,2,short,3,0,4555,197,99,112,239,267,336,519,740,1164,2003,3063,4681,7697,12411,21876,38829,66228,160791,120218,231083,203246,333733,.,.
GBRTENW,2002,2,short,3,1,95,12,4,3,8,10,9,16,17,15,21,22,41,74,94,161,299,528,1239,975,1696,1538,2276,.,.
GBRTENW,2002,2,short,3,2,28,35,27,25,42,36,71,168,292,521,974,1666,2588,3907,5566,8117,11237,14249,19966,18278,22890,21931,26426,.,.
GBRTENW,2002,2,short,3,3,18,3,2,1,1,2,4,5,6,7,4,8,10,18,27,41,62,146,389,249,632,547,945,.,.
GBRTENW,2002,2,short,3,4,112,14,6,7,15,13,11,22,21,21,32,44,64,112,216,377,607,1025,2400,1900,3266,2993,4272,.,.
GBRTENW,2002,2,short,3,5,0,1,0,3,12,12,20,15,13,15,17,18,17,28,74,225,852,2322,9657,6272,15522,13479,23056,.,.
GBRTENW,2002,2,short,3,6,151,19,12,12,26,18,20,27,36,47,76,116,129,185,315,604,1110,2045,4429,3657,5766,5298,7492,.,.
GBRTENW,2002,2,short,3,7,56,7,6,2,10,15,15,29,49,98,214,316,576,1298,2516,5014,9771,17712,42614,32328,60433,54077,83873,.,.
GBRTENW,2002,2,short,3,8,18,2,1,3,4,5,7,20,39,70,140,176,251,435,865,2018,4712,10168,28533,20956,41661,37537,56867,.,.
GBRTENW,2002,2,short,3,9,4,0,0,1,2,6,8,6,13,20,38,58,100,192,349,727,1480,2429,5198,4266,6812,6174,9167,.,.
GBRTENW,2002,2,short,3,10,70,12,3,4,4,4,6,12,16,15,38,54,90,153,311,715,1847,4571,20755,12035,35862,27651,66141,.,.
GBRTENW,2002,2,short,3,11,21,4,4,6,6,9,9,17,16,32,46,124,266,519,947,1965,3326,4529,8481,6761,11461,9918,17152,.,.
GBRTENW,2002,2,short,3,12,39,8,6,4,4,9,11,42,68,137,209,246,297,432,623,1015,1816,3104,6939,5530,9379,8650,12065,.,.
GBRTENW,2002,2,short,3,13,0,0,1,1,0,3,5,10,10,10,12,26,36,85,154,317,527,1118,3214,2192,4985,4323,7428,.,.
GBRTENW,2002,2,short,3,14,11,0,1,0,4,3,11,13,10,14,17,27,40,73,136,277,620,1199,3758,2540,5869,5120,8630,.,.
GBRTENW,2002,2,short,3,15,3822,44,8,11,10,10,9,9,8,12,17,18,31,27,31,26,30,39,60,54,71,78,43,.,.
GBRTENW,2002,2,short,3,16,112,36,19,31,89,111,121,107,126,130,150,144,145,160,188,277,532,1044,3160,2226,4778,3932,7900,.,.
GBRTENW,2003,2,short,3,0,5057,238,96,115,215,278,352,501,728,1192,1955,3071,4679,7523,12298,21445,38574,67866,166848,123228,237572,206618,349528,.,.
GBRTENW,2003,2,short,3,1,103,17,7,3,9,8,12,17,20,25,26,25,48,67,92,178,330,579,1477,1126,2046,1856,2733,.,.
GBRTENW,2003,2,short,3,2,14,36,26,29,42,46,79,151,258,501,948,1637,2473,3854,5417,7988,11101,14431,19728,17935,22636,21803,25649,.,.
GBRTENW,2003,2,short,3,3,28,3,1,3,2,2,1,2,4,5,7,8,13,19,25,38,72,124,406,246,666,560,1048,.,.
GBRTENW,2003,2,short,3,4,92,17,5,4,9,13,13,17,16,24,35,45,83,103,233,383,586,1032,2565,1903,3636,3136,5446,.,.
GBRTENW,2003,2,short,3,5,0,1,0,2,5,13,19,20,19,14,20,16,16,27,73,251,855,2526,10337,6751,16153,13783,24724,.,.
GBRTENW,2003,2,short,3,6,192,31,13,14,18,17,22,23,45,68,84,113,147,224,342,628,1190,2188,4737,3840,6192,5835,7481,.,.
GBRTENW,2003,2,short,3,7,32,18,4,5,9,15,19,31,58,109,188,309,598,1125,2378,4639,9249,17527,43587,32713,61217,54299,86236,.,.
GBRTENW,2003,2,short,3,8,4,3,0,3,3,4,11,21,35,68,118,178,249,430,854,1942,4520,9993,28378,20555,41062,36260,58429,.,.
GBRTENW,2003,2,short,3,9,4,1,0,1,3,3,3,11,13,24,40,52,75,172,347,760,1407,2669,5212,4214,6831,6123,9392,.,.
GBRTENW,2003,2,short,3,10,60,9,2,4,3,3,8,11,14,26,37,70,95,163,352,767,1977,4724,22055,12480,37581,28538,70288,.,.
GBRTENW,2003,2,short,3,11,46,5,4,4,5,6,6,14,15,36,50,135,272,572,1038,2011,3543,5148,9907,7987,13018,11362,19011,.,.
GBRTENW,2003,2,short,3,12,50,8,4,2,5,6,15,39,78,125,201,243,327,436,640,984,1950,3200,7159,5710,9508,8693,12454,.,.
GBRTENW,2003,2,short,3,13,4,2,1,2,3,5,4,5,7,12,21,29,49,81,149,286,546,1137,3425,2282,5280,4421,8385,.,.
GBRTENW,2003,2,short,3,14,4,1,2,0,2,5,9,13,13,14,14,32,47,54,144,298,607,1436,4257,3064,6190,5316,9351,.,.
GBRTENW,2003,2,short,3,15,4308,49,8,8,8,10,16,19,14,9,11,18,35,36,24,22,38,49,59,50,74,77,62,.,.
GBRTENW,2003,2,short,3,16,117,37,18,30,88,123,114,110,120,133,153,159,152,160,190,272,603,1104,3558,2372,5483,4555,8837,.,.
GBRTENW,2004,2,short,3,0,4676,195,84,97,224,270,347,473,737,1123,1878,2920,4470,7197,11791,20147,35979,64316,156293,113736,221893,193307,323833,.,.
GBRTENW,2004,2,short,3,1,123,22,4,5,7,7,12,18,23,23,23,22,36,64,113,184,352,691,1624,1245,2209,1962,3089,.,.
GBRTENW,2004,2,short,3,2,27,26,22,26,34,50,74,143,266,505,917,1561,2485,3801,5484,7761,10737,13938,19366,17423,22362,21285,26204,.,.
GBRTENW,2004,2,short,3,3,23,3,3,2,1,2,2,3,3,5,7,6,15,15,29,36,65,130,368,221,595,524,846,.,.
GBRTENW,2004,2,short,3,4,76,16,5,3,9,13,19,15,16,16,30,48,59,104,206,347,542,966,2467,1928,3298,2761,5213,.,.
GBRTENW,2004,2,short,3,5,0,0,0,1,7,17,17,15,19,19,14,18,23,33,68,237,829,2434,9693,6185,15101,13052,22407,.,.
GBRTENW,2004,2,short,3,6,139,26,14,11,17,20,23,21,45,48,73,99,144,219,299,547,1074,1983,4352,3516,5641,5452,6315,.,.
GBRTENW,2004,2,short,3,7,37,5,2,6,13,8,18,26,54,100,173,284,502,1025,2126,4238,8238,16111,40435,29857,56740,50414,79301,.,.
GBRTENW,2004,2,short,3,8,13,0,1,1,4,6,12,20,38,49,112,159,230,393,778,1671,4109,9230,25859,18422,37322,33053,52546,.,.
GBRTENW,2004,2,short,3,9,3,2,0,1,3,2,4,12,9,20,30,51,69,159,335,661,1326,2450,4967,4036,6402,5842,8400,.,.
GBRTENW,2004,2,short,3,10,63,15,2,1,2,3,4,10,13,20,38,60,82,149,303,677,1785,4398,19261,10540,32705,25249,59294,.,.
GBRTENW,2004,2,short,3,11,43,4,9,5,6,13,6,10,13,29,56,108,247,467,932,1802,3229,5084,9465,7403,12642,10660,19712,.,.
GBRTENW,2004,2,short,3,12,73,6,2,3,4,7,16,35,77,120,194,284,313,435,628,1057,1832,3258,7169,5602,9586,8738,12610,.,.
GBRTENW,2004,2,short,3,13,0,0,2,2,4,3,7,7,8,14,19,23,39,83,152,279,565,1079,3134,2081,4757,3994,7476,.,.
GBRTENW,2004,2,short,3,14,13,1,0,1,2,4,7,17,16,13,21,24,39,68,106,314,686,1406,4456,2925,6815,5587,11194,.,.
GBRTENW,2004,2,short,3,15,3962,31,7,5,10,10,11,10,12,11,16,22,33,31,24,28,32,55,65,63,68,60,98,.,.
GBRTENW,2004,2,short,3,16,80,39,9,25,102,103,115,112,126,129,154,150,155,153,205,307,578,1101,3610,2288,5649,4673,9128,.,.
GBRTENW,2005,2,short,3,0,4443,185,84,105,217,264,328,455,673,1135,1851,2948,4503,7023,11695,19454,35501,63551,155903,112113,225393,194773,332478,.,.
GBRTENW,2005,2,short,3,1,77,19,3,2,9,6,13,18,15,16,28,34,39,60,125,207,433,848,2271,1736,3120,2767,4353,.,.
GBRTENW,2005,2,short,3,2,17,17,25,30,36,44,66,136,256,505,879,1550,2541,3710,5538,7640,10979,14015,19338,17596,22102,21300,24904,.,.
GBRTENW,2005,2,short,3,3,27,6,1,3,5,1,2,4,2,5,4,6,12,18,28,53,76,136,390,227,648,513,1122,.,.
GBRTENW,2005,2,short,3,4,60,15,4,6,11,13,13,11,16,25,30,31,71,86,182,318,602,908,2443,1701,3619,3246,4924,.,.
GBRTENW,2005,2,short,3,5,0,1,1,2,5,8,14,19,19,19,19,20,25,36,62,211,732,2387,9853,6155,15720,13344,24030,.,.
GBRTENW,2005,2,short,3,6,148,24,14,17,17,28,28,29,34,47,73,111,149,206,339,557,1152,2005,4321,3405,5774,5224,7699,.,.
GBRTENW,2005,2,short,3,7,67,5,3,2,5,10,12,27,42,105,179,291,485,1011,2006,3845,7721,15296,38912,28136,56013,48969,80643,.,.
GBRTENW,2005,2,short,3,8,13,3,1,1,2,8,9,19,32,54,107,159,209,358,702,1619,3847,8596,24540,17390,35886,31487,51272,.,.
GBRTENW,2005,2,short,3,9,0,1,0,1,2,6,9,8,14,26,34,46,62,133,309,644,1247,2286,4725,3871,6081,5776,7148,.,.
GBRTENW,2005,2,short,3,10,50,13,4,1,3,4,7,7,13,19,35,64,81,167,302,671,1705,4375,19853,10711,34359,26386,62241,.,.
GBRTENW,2005,2,short,3,11,30,5,4,5,5,10,5,6,10,27,47,115,240,485,979,1845,3414,5464,10376,7843,14396,12179,22147,.,.
GBRTENW,2005,2,short,3,12,44,5,1,1,5,10,14,34,67,120,217,275,312,410,621,998,1825,3311,7175,5683,9542,8519,13117,.,.
GBRTENW,2005,2,short,3,13,3,2,0,1,2,2,6,8,4,9,18,27,50,78,129,239,548,1083,3165,2164,4752,3996,7395,.,.
GBRTENW,2005,2,short,3,14,17,1,0,1,3,4,8,10,12,15,14,33,46,78,165,318,683,1592,4880,3178,7579,6403,11692,.,.
GBRTENW,2005,2,short,3,15,3782,41,10,9,9,10,13,11,15,10,15,21,23,27,27,24,38,42,59,65,51,54,38,.,.
GBRTENW,2005,2,short,3,16,107,27,12,26,98,100,110,109,122,135,153,166,158,160,182,265,500,1207,3604,2250,5751,4607,9752,.,.
GBRTENW,2006,2,short,3,0,4694,221,87,102,222,251,332,436,711,1120,1814,2894,4445,6902,11168,18831,33782,60904,146541,105097,216880,187552,316201,.,.
GBRTENW,2006,2,short,3,1,87,19,5,3,6,6,10,16,24,21,26,30,42,75,127,261,545,1147,2794,2078,4008,3514,5681,.,.
GBRTENW,2006,2,short,3,2,26,38,21,19,31,35,69,130,276,486,867,1495,2495,3696,5447,7503,10776,14159,19004,17458,21627,20801,24424,.,.
GBRTENW,2006,2,short,3,3,29,3,1,1,1,3,1,3,5,5,4,5,12,16,26,39,65,108,336,192,579,475,932,.,.
GBRTENW,2006,2,short,3,4,67,12,6,7,9,12,15,16,15,26,31,48,70,83,172,300,512,948,2217,1435,3544,2892,5754,.,.
GBRTENW,2006,2,short,3,5,0,0,0,1,6,7,9,12,15,19,18,17,28,30,69,222,718,2290,9629,5804,16121,13787,24022,.,.
GBRTENW,2006,2,short,3,6,144,26,14,13,28,28,20,27,32,46,80,124,151,222,325,554,1013,2002,4323,3391,5906,5411,7581,.,.
GBRTENW,2006,2,short,3,7,96,10,7,9,12,12,17,27,50,99,160,298,489,908,1787,3606,7080,13945,35971,25948,52981,46391,75301,.,.
GBRTENW,2006,2,short,3,8,19,0,3,2,3,2,9,17,35,50,98,149,185,320,631,1512,3514,7835,22806,15846,34619,30314,49196,.,.
GBRTENW,2006,2,short,3,9,3,0,0,0,2,3,5,10,14,20,35,38,72,144,289,657,1202,2148,4357,3598,5645,5063,7618,.,.
GBRTENW,2006,2,short,3,10,83,12,1,4,6,3,8,6,12,19,30,58,91,166,266,625,1589,3967,16791,9026,29970,22717,54530,.,.
GBRTENW,2006,2,short,3,11,29,9,7,7,5,7,10,7,8,23,53,110,238,456,921,1682,3221,5398,9918,7549,13938,12180,19894,.,.
GBRTENW,2006,2,short,3,12,61,8,3,2,5,5,22,37,84,146,204,286,313,435,610,990,1759,3165,6959,5473,9481,8651,12294,.,.
GBRTENW,2006,2,short,3,13,3,2,0,1,2,2,6,4,7,12,12,31,42,77,130,264,524,1004,2953,1943,4667,3882,7325,.,.
GBRTENW,2006,2,short,3,14,6,0,1,0,4,5,9,12,14,13,21,32,41,72,147,330,704,1585,4960,3153,8027,6837,12057,.,.
GBRTENW,2006,2,short,3,15,3953,44,5,8,7,8,7,8,12,15,15,12,25,28,33,24,36,35,43,47,35,34,37,.,.
GBRTENW,2006,2,short,3,16,87,39,15,26,96,111,115,104,108,120,159,161,152,173,187,262,526,1169,3481,2155,5731,4602,9554,.,.
GBRTENW,2007,2,short,3,0,4402,190,80,117,206,251,298,459,691,1132,1769,2834,4383,6824,10939,18395,32892,60513,146773,105114,221869,189489,325596,.,.
GBRTENW,2007,2,short,3,1,81,22,7,4,8,7,8,15,17,23,24,38,51,74,139,299,556,1146,3004,2271,4326,3927,5607,.,.
GBRTENW,2007,2,short,3,2,28,27,20,28,36,52,74,130,275,485,875,1495,2424,3700,5363,7515,10550,14414,19452,17605,22781,21870,25699,.,.
GBRTENW,2007,2,short,3,3,22,4,1,6,1,1,3,3,3,5,7,10,14,18,32,46,59,113,305,186,519,429,809,.,.
GBRTENW,2007,2,short,3,4,106,12,7,9,9,16,19,16,13,25,31,44,66,75,152,304,521,872,2254,1548,3527,2845,5713,.,.
GBRTENW,2007,2,short,3,5,0,0,1,2,4,11,15,18,20,12,13,20,17,38,77,242,838,2554,10495,6183,18268,14939,28933,.,.
GBRTENW,2007,2,short,3,6,103,29,14,10,18,24,16,26,36,53,74,105,166,209,337,577,1148,2254,4663,3700,6399,5850,8156,.,.
GBRTENW,2007,2,short,3,7,59,7,3,6,10,12,15,28,57,92,145,284,468,825,1674,3306,6596,13336,35767,25796,53741,46072,78310,.,.
GBRTENW,2007,2,short,3,8,19,2,1,0,4,2,11,18,23,53,93,132,191,333,617,1360,3267,7546,21757,14934,34057,29703,48005,.,.
GBRTENW,2007,2,short,3,9,0,0,0,2,1,3,5,9,14,23,39,47,77,126,285,581,1129,2147,4112,3364,5462,5142,6486,.,.
GBRTENW,2007,2,short,3,10,59,12,3,2,3,3,7,9,18,26,37,50,84,144,269,616,1517,3807,16411,8873,30000,22074,55388,.,.
GBRTENW,2007,2,short,3,11,50,10,3,7,4,6,7,12,12,27,55,116,225,498,948,1708,3189,5314,10118,7802,14293,12208,20970,.,.
GBRTENW,2007,2,short,3,12,50,5,3,4,1,7,15,36,73,141,191,286,340,463,578,943,1745,3155,6824,5292,9585,8665,12533,.,.
GBRTENW,2007,2,short,3,13,0,1,0,2,2,4,3,5,7,10,13,18,44,62,120,284,519,1033,2977,2010,4721,4021,6961,.,.
GBRTENW,2007,2,short,3,14,9,1,1,2,2,5,6,12,16,13,16,23,35,67,135,317,707,1665,5198,3283,8651,7220,13236,.,.
GBRTENW,2007,2,short,3,15,3752,31,7,9,9,5,8,11,10,16,12,16,30,40,17,26,32,25,48,43,58,65,35,.,.
GBRTENW,2007,2,short,3,16,65,26,11,25,94,92,86,111,98,127,143,149,152,152,196,270,518,1132,3388,2226,5481,4460,8754,.,.
GBRTENW,2008,2,short,3,0,4245,212,91,86,202,250,314,490,703,1141,1745,2886,4306,6757,10755,18074,32264,59761,148753,107376,228514,193136,334195,.,.
GBRTENW,2008,2,short,3,1,126,18,5,2,5,7,10,15,17,26,23,29,50,56,107,237,411,847,2160,1563,3310,2963,4347,.,.
GBRTENW,2008,2,short,3,2,21,31,22,19,25,34,75,140,257,496,839,1476,2324,3676,5379,7459,10474,14319,19639,18266,22286,21399,24935,.,.
GBRTENW,2008,2,short,3,3,18,3,3,2,2,2,4,5,3,5,5,10,12,15,31,37,55,94,296,162,554,431,924,.,.
GBRTENW,2008,2,short,3,4,69,7,8,4,11,16,13,15,20,18,37,48,56,74,140,301,520,894,2266,1632,3487,3010,4912,.,.
GBRTENW,2008,2,short,3,5,0,0,1,0,6,7,13,23,20,23,23,26,30,29,82,250,808,2720,11752,7106,20708,16916,32037,.,.
GBRTENW,2008,2,short,3,6,111,34,17,10,25,22,22,23,31,45,71,105,160,236,345,618,1266,2226,5105,4048,7144,6585,8814,.,.
GBRTENW,2008,2,short,3,7,60,14,4,2,6,13,13,33,49,93,155,277,457,831,1564,3238,6292,12900,35077,25315,53894,45605,78654,.,.
GBRTENW,2008,2,short,3,8,9,1,3,4,2,6,10,15,28,52,81,143,185,303,547,1192,3089,7423,21920,15527,34245,29411,48688,.,.
GBRTENW,2008,2,short,3,9,3,0,0,0,2,3,3,9,12,18,37,46,61,130,251,548,1140,1968,4204,3388,5776,5298,7205,.,.
GBRTENW,2008,2,short,3,10,54,14,3,2,5,6,8,10,17,34,38,60,91,150,256,602,1488,3887,16988,9080,32232,23475,58392,.,.
GBRTENW,2008,2,short,3,11,21,9,1,5,5,7,8,14,19,30,56,123,258,488,970,1771,3187,5458,10429,7998,15116,12728,22248,.,.
GBRTENW,2008,2,short,3,12,36,4,2,3,7,7,15,40,72,135,188,286,344,422,603,941,1705,3092,6822,5416,9533,8473,12698,.,.
GBRTENW,2008,2,short,3,13,3,2,1,1,2,3,3,4,5,11,19,20,47,81,128,270,503,1039,3018,2039,4905,4198,7017,.,.
GBRTENW,2008,2,short,3,14,3,1,0,1,2,7,5,10,14,13,17,27,53,74,139,332,761,1690,5496,3543,9260,7897,13332,.,.
GBRTENW,2008,2,short,3,15,3641,43,7,5,8,8,9,8,15,9,11,23,25,43,21,21,34,40,47,46,47,57,17,.,.
GBRTENW,2008,2,short,3,16,72,33,12,25,88,103,104,126,124,134,145,188,153,149,192,258,531,1162,3534,2246,6017,4691,9977,.,.
GBRTENW,2009,2,short,3,0,4270,183,88,102,189,233,318,449,682,1102,1686,2675,4247,6452,10191,17128,30232,55981,139023,102155,212018,177500,310367,.,.
GBRTENW,2009,2,short,3,1,76,18,7,6,7,7,8,16,20,25,23,32,55,58,102,190,358,713,1839,1397,2714,2361,3721,.,.
GBRTENW,2009,2,short,3,2,21,26,23,25,25,37,59,126,237,458,784,1410,2336,3502,5214,7498,10250,13794,19098,17845,21579,20671,24168,.,.
GBRTENW,2009,2,short,3,3,21,6,2,1,1,2,3,3,2,4,6,16,8,17,22,33,58,100,313,215,506,419,754,.,.
GBRTENW,2009,2,short,3,4,52,12,6,6,14,16,14,13,19,20,33,35,67,82,154,261,494,838,2197,1592,3394,2930,4715,.,.
GBRTENW,2009,2,short,3,5,0,1,0,1,2,5,12,11,19,21,21,19,30,47,66,231,838,2581,11112,6755,19737,15841,30839,.,.
GBRTENW,2009,2,short,3,6,106,19,9,13,19,22,24,24,29,59,69,99,152,242,338,602,1180,2278,5026,4040,6979,6310,8885,.,.
GBRTENW,2009,2,short,3,7,82,6,7,3,8,10,15,32,50,74,154,264,417,747,1403,2808,5684,11867,32789,23623,50938,42548,74845,.,.
GBRTENW,2009,2,short,3,8,18,3,1,2,0,4,5,12,27,59,74,109,172,270,502,1156,2849,6771,20013,14368,31190,26293,45145,.,.
GBRTENW,2009,2,short,3,9,3,0,1,0,1,4,7,7,18,34,35,54,73,124,260,494,1012,2039,3973,3268,5369,5047,6287,.,.
GBRTENW,2009,2,short,3,10,45,16,7,9,6,9,8,17,22,26,37,62,96,153,238,583,1345,3416,14921,8459,27716,20034,49603,.,.
GBRTENW,2009,2,short,3,11,27,5,4,2,6,4,6,8,13,22,51,105,239,461,880,1592,2893,4847,9615,7414,13974,11741,20335,.,.
GBRTENW,2009,2,short,3,12,64,6,0,2,2,3,18,51,78,123,191,266,328,417,539,871,1577,2997,6526,5315,8923,8019,11499,.,.
GBRTENW,2009,2,short,3,13,3,0,1,4,5,3,6,5,6,14,16,31,45,67,126,233,469,1010,2641,1850,4206,3453,6351,.,.
GBRTENW,2009,2,short,3,14,6,1,1,1,5,6,9,10,13,13,16,22,42,67,134,306,687,1661,5622,3738,9351,7651,14193,.,.
GBRTENW,2009,2,short,3,15,3670,31,9,13,10,9,9,12,13,16,20,13,32,36,25,16,28,29,53,51,59,52,80,.,.
GBRTENW,2009,2,short,3,16,76,32,11,17,77,91,113,102,115,134,156,139,154,163,187,255,509,1041,3285,2225,5383,4131,8949,.,.
GBRTENW,2010,2,short,3,0,4116,171,89,92,197,212,302,428,710,1087,1639,2709,4196,6323,9930,16862,29759,55083,140154,101115,212151,177800,314405,.,.
GBRTENW,2010,2,short,3,1,68,12,3,4,8,6,10,7,16,17,26,26,36,59,104,151,309,620,1554,1197,2212,1919,3086,.,.
GBRTENW,2010,2,short,3,2,39,30,23,25,35,34,69,126,242,459,781,1377,2291,3474,5021,7367,10208,14069,19488,18113,22025,21346,24044,.,.
GBRTENW,2010,2,short,3,3,21,3,3,4,5,1,2,5,6,6,7,12,7,15,28,39,65,115,286,179,484,399,736,.,.
GBRTENW,2010,2,short,3,4,65,13,5,4,9,8,10,21,15,23,27,47,75,72,124,238,439,926,2268,1523,3642,2929,5764,.,.
GBRTENW,2010,2,short,3,5,0,0,2,1,4,4,10,11,23,23,19,14,36,43,83,258,909,2780,12476,7574,21517,16927,35181,.,.
GBRTENW,2010,2,short,3,6,152,29,11,15,22,20,21,18,38,42,63,110,157,232,353,597,1225,2431,5345,4065,7705,7021,9743,.,.
GBRTENW,2010,2,short,3,7,48,5,6,3,9,10,20,29,50,96,154,255,416,712,1337,2632,5378,11268,32216,22709,49748,41639,73886,.,.
GBRTENW,2010,2,short,3,8,21,1,1,0,2,6,5,12,24,32,74,124,178,237,527,1131,2712,6258,20046,14039,31122,26328,45394,.,.
GBRTENW,2010,2,short,3,9,0,0,0,1,1,2,7,9,19,26,41,51,71,136,242,486,1010,1814,3996,3142,5569,5141,6845,.,.
GBRTENW,2010,2,short,3,10,48,15,5,4,6,4,8,9,18,32,31,65,91,144,251,523,1239,3178,14078,7702,25838,18831,46694,.,.
GBRTENW,2010,2,short,3,11,36,5,6,4,5,3,7,9,13,29,49,107,230,482,856,1693,2981,4910,10020,7774,14163,11969,20692,.,.
GBRTENW,2010,2,short,3,12,24,3,0,2,6,6,16,51,80,125,175,275,340,390,539,930,1611,3011,6553,5243,8970,8026,11779,.,.
GBRTENW,2010,2,short,3,13,9,0,0,3,2,3,6,3,7,13,17,27,40,71,128,225,445,955,2675,1849,4197,3482,6328,.,.
GBRTENW,2010,2,short,3,14,9,2,1,0,2,2,10,8,10,11,14,27,38,69,125,288,724,1728,5938,3861,9767,7781,15680,.,.
GBRTENW,2010,2,short,3,15,3518,30,13,6,8,10,9,8,13,14,16,21,26,30,23,24,33,23,44,40,52,43,78,.,.
GBRTENW,2010,2,short,3,16,60,25,10,15,75,94,92,102,136,139,143,171,166,156,189,278,470,997,3172,2105,5140,4020,8474,.,.
GBRTENW,2011,2,short,3,0,3729,172,63,79,153,226,295,446,656,1064,1623,2594,4009,6297,9729,16351,28374,52613,135446,96822,200067,166694,307588,.,.
GBRTENW,2011,2,short,3,1,77,20,3,2,4,3,4,12,18,12,26,32,43,62,100,165,352,688,1690,1307,2331,2007,3375,.,.
GBRTENW,2011,2,short,3,2,35,25,16,17,24,44,80,137,227,447,789,1377,2217,3506,5136,7276,10013,13784,19930,18245,22751,21614,26413,.,.
GBRTENW,2011,2,short,3,3,12,3,1,3,1,2,3,3,5,3,6,6,12,15,21,33,50,113,297,190,476,335,929,.,.
GBRTENW,2011,2,short,3,4,86,18,2,10,8,15,8,13,17,28,30,31,55,83,102,224,381,800,1912,1332,2883,2399,4443,.,.
GBRTENW,2011,2,short,3,5,0,1,0,1,0,1,4,7,9,9,13,21,30,51,112,359,1407,4421,19181,11783,31560,25580,50829,.,.
GBRTENW,2011,2,short,3,6,115,18,11,11,19,23,21,22,27,45,66,96,142,231,344,622,1192,2358,5711,4443,7832,7087,10234,.,.
GBRTENW,2011,2,short,3,7,44,6,2,1,7,13,18,24,36,80,131,222,384,676,1175,2432,4977,9982,28161,19712,42297,35348,64685,.,.
GBRTENW,2011,2,short,3,8,3,2,3,0,2,4,5,11,27,43,67,116,152,235,464,988,2319,5119,15569,10602,23878,19886,36740,.,.
GBRTENW,2011,2,short,3,9,6,0,0,0,0,2,4,12,10,18,36,35,55,102,205,427,867,1600,3260,2663,4260,3857,5558,.,.
GBRTENW,2011,2,short,3,10,47,17,5,5,5,6,12,12,17,30,45,56,86,138,213,518,1091,2917,13697,7443,24160,17396,45952,.,.
GBRTENW,2011,2,short,3,11,27,2,3,3,3,5,8,7,15,31,45,113,228,483,888,1678,2847,5052,10261,8194,13719,11471,20963,.,.
GBRTENW,2011,2,short,3,12,18,3,0,1,3,6,19,47,79,140,175,267,335,423,518,886,1455,2616,5953,4512,8363,7287,11829,.,.
GBRTENW,2011,2,short,3,13,3,0,1,1,2,3,5,4,10,11,12,23,49,68,138,206,433,965,2438,1705,3664,3047,5651,.,.
GBRTENW,2011,2,short,3,14,9,1,1,1,2,5,4,14,10,14,12,19,31,53,111,261,511,1160,4328,2619,7187,5703,11968,.,.
GBRTENW,2011,2,short,3,15,3195,36,5,8,7,6,10,8,14,14,12,16,21,20,31,20,28,35,43,38,51,52,46,.,.
GBRTENW,2011,2,short,3,16,53,21,10,16,66,87,90,114,135,139,158,162,168,152,172,255,453,1004,3015,2035,4656,3626,7973,.,.
GBRTENW,2012,2,short,3,0,3710,146,82,82,148,205,267,415,639,999,1607,2501,4043,6229,9602,16330,28361,53691,142335,100104,209413,176533,322642,.,.
GBRTENW,2012,2,short,3,1,87,11,3,4,4,4,6,8,11,19,21,25,42,65,89,163,342,591,1584,1191,2208,1906,3248,.,.
GBRTENW,2012,2,short,3,2,17,30,26,27,25,35,69,145,235,443,810,1355,2241,3416,4937,7319,9999,13955,20011,18327,22686,21696,26094,.,.
GBRTENW,2012,2,short,3,3,9,3,2,1,1,3,1,2,3,3,8,9,13,17,23,41,61,80,241,143,396,326,637,.,.
GBRTENW,2012,2,short,3,4,52,10,8,5,12,12,12,12,16,21,23,41,61,80,115,215,419,791,1932,1285,2959,2387,4927,.,.
GBRTENW,2012,2,short,3,5,0,0,0,1,4,1,4,8,8,10,13,16,26,51,117,443,1449,4945,22056,13600,35486,29327,56696,.,.
GBRTENW,2012,2,short,3,6,87,17,11,7,13,25,21,19,31,33,69,98,142,255,367,636,1369,2697,6782,5280,9167,8422,11734,.,.
GBRTENW,2012,2,short,3,7,55,8,3,1,12,9,12,24,54,83,130,216,391,670,1259,2356,4718,10013,29485,19801,44865,37512,70186,.,.
GBRTENW,2012,2,short,3,8,9,0,1,2,4,4,5,10,26,33,58,112,190,253,444,936,2167,4973,15690,10556,23846,19880,37502,.,.
GBRTENW,2012,2,short,3,9,9,0,0,0,2,4,3,8,15,22,32,41,66,105,192,437,911,1586,3283,2603,4362,3995,5626,.,.
GBRTENW,2012,2,short,3,10,47,8,5,3,2,4,3,4,10,18,29,41,71,106,200,436,1088,2962,13882,7384,24204,17775,46345,.,.
GBRTENW,2012,2,short,3,11,20,7,1,5,6,4,3,7,17,24,41,90,227,499,920,1773,2939,5302,11296,8702,15417,13152,23219,.,.
GBRTENW,2012,2,short,3,12,17,6,3,1,3,7,17,36,57,123,178,239,328,411,546,863,1456,2624,6070,4715,8221,7431,10941,.,.
GBRTENW,2012,2,short,3,13,0,1,1,2,1,1,5,4,10,11,13,29,42,66,123,228,427,934,2597,1723,3987,3411,5968,.,.
GBRTENW,2012,2,short,3,14,6,0,0,1,1,6,10,8,10,8,13,20,28,65,95,241,510,1196,4388,2659,7135,5745,11920,.,.
GBRTENW,2012,2,short,3,15,3233,30,10,7,7,6,11,12,9,9,13,15,17,25,22,23,31,37,52,58,43,33,78,.,.
GBRTENW,2012,2,short,3,16,61,17,10,15,51,82,86,107,127,140,157,155,159,143,153,222,475,1006,2987,2077,4431,3534,7522,.,.
GBRTENW,2013,2,short,3,0,3421,163,74,87,142,205,286,434,657,1035,1561,2474,3958,6121,9475,15991,28017,53236,143224,99822,210234,179018,325120,.,.
GBRTENW,2013,2,short,3,1,71,15,4,3,4,3,5,8,16,18,24,32,48,70,92,133,335,633,1581,1146,2252,2009,3148,.,.
GBRTENW,2013,2,short,3,2,15,25,24,21,24,42,71,143,244,442,738,1282,2132,3293,4983,7185,9866,13821,19716,17817,22648,21890,25438,.,.
GBRTENW,2013,2,short,3,3,6,4,1,2,0,2,2,3,6,4,4,10,8,17,22,41,61,91,226,145,352,275,639,.,.
GBRTENW,2013,2,short,3,4,47,8,1,7,11,11,17,13,19,20,37,43,57,92,111,228,392,729,1913,1349,2783,2428,4091,.,.
GBRTENW,2013,2,short,3,5,0,0,0,2,3,3,6,6,11,12,13,19,33,55,129,393,1532,5158,23226,14140,37255,31023,60192,.,.
GBRTENW,2013,2,short,3,6,128,26,9,10,18,17,25,21,22,47,72,87,147,245,384,665,1298,2908,7193,5630,9607,8748,12767,.,.
GBRTENW,2013,2,short,3,7,62,7,4,5,4,9,14,23,49,92,137,254,424,671,1123,2235,4481,9675,29048,19500,43790,37210,68006,.,.
GBRTENW,2013,2,short,3,8,18,3,1,1,4,3,8,13,18,40,66,104,164,220,387,870,2085,4622,14912,9834,22753,19631,34243,.,.
GBRTENW,2013,2,short,3,9,15,1,0,0,1,4,5,7,11,17,37,38,60,99,189,419,754,1500,3189,2632,4051,3601,5704,.,.
GBRTENW,2013,2,short,3,10,36,11,4,0,1,5,4,9,12,21,26,38,68,129,184,471,1106,2861,14233,7478,24663,17979,49263,.,.
GBRTENW,2013,2,short,3,11,21,4,3,7,3,3,6,7,10,31,43,106,235,538,937,1791,3182,5579,11982,8977,16621,14221,25454,.,.
GBRTENW,2013,2,short,3,12,6,4,4,2,5,5,15,35,77,120,175,238,324,410,513,805,1404,2511,6008,4752,7948,7238,10562,.,.
GBRTENW,2013,2,short,3,13,0,1,1,1,1,2,4,9,6,7,15,23,37,63,114,247,443,915,2470,1661,3719,3158,5784,.,.
GBRTENW,2013,2,short,3,14,3,2,1,1,2,4,8,9,10,14,11,19,33,51,112,227,528,1140,4208,2581,6718,5378,11649,.,.
GBRTENW,2013,2,short,3,15,2935,30,9,10,7,8,6,7,7,8,13,18,25,29,20,23,22,44,44,44,44,43,48,.,.
GBRTENW,2013,2,short,3,16,59,21,9,14,54,84,90,120,140,144,150,162,162,141,176,260,529,1050,3273,2136,5029,4186,8133,.,.
GBRTENW,2014,2,short,3,0,3600,140,77,78,176,220,286,442,669,1080,1569,2446,3796,6105,9172,15775,27225,51230,137492,95371,201504,172930,308320,.,.
GBRTENW,2014,2,short,3,1,67,4,4,3,4,6,5,9,13,16,19,33,37,73,102,181,284,599,1491,1100,2086,1885,2839,.,.
GBRTENW,2014,2,short,3,2,12,26,24,16,29,37,82,146,233,447,740,1260,2057,3272,4741,7147,9770,13748,20091,18263,22869,22270,25111,.,.
GBRTENW,2014,2,short,3,3,9,3,2,1,2,2,2,6,4,5,7,6,10,9,21,28,55,74,238,142,383,326,599,.,.
GBRTENW,2014,2,short,3,4,37,7,5,5,8,15,13,14,19,22,30,35,54,83,125,248,399,765,2004,1401,2920,2448,4685,.,.
GBRTENW,2014,2,short,3,5,0,0,1,2,0,2,7,8,13,8,13,14,26,34,119,440,1631,5368,24281,14269,39497,33307,62636,.,.
GBRTENW,2014,2,short,3,6,85,15,9,14,22,18,15,19,31,40,71,92,139,250,390,709,1475,3199,8152,5948,11500,10627,14764,.,.
GBRTENW,2014,2,short,3,7,61,4,5,1,11,10,19,23,46,77,148,217,387,672,1045,2099,4239,8822,27719,18461,41790,35142,66642,.,.
GBRTENW,2014,2,short,3,8,3,1,2,2,0,3,6,10,24,49,62,107,150,230,415,859,1906,4408,14055,9369,21177,17922,33345,.,.
GBRTENW,2014,2,short,3,9,3,0,0,0,1,2,3,7,10,31,29,40,61,102,184,389,792,1349,2863,2290,3733,3440,4827,.,.
GBRTENW,2014,2,short,3,10,46,18,4,2,4,5,6,8,14,29,29,61,79,146,217,455,1125,2980,14028,7309,24238,17983,47619,.,.
GBRTENW,2014,2,short,3,11,12,6,2,3,7,5,7,8,10,25,38,89,197,502,860,1707,2749,4453,7484,6520,8950,8509,10600,.,.
GBRTENW,2014,2,short,3,12,9,4,5,3,3,5,10,50,67,120,169,229,310,396,491,779,1393,2454,5664,4410,7570,6946,9906,.,.
GBRTENW,2014,2,short,3,13,6,1,1,1,4,2,4,4,11,11,14,23,43,58,121,203,387,817,2311,1516,3518,3004,5442,.,.
GBRTENW,2014,2,short,3,14,0,1,1,1,2,3,9,9,10,12,13,16,31,54,100,185,458,1100,3841,2284,6206,5061,10489,.,.
GBRTENW,2014,2,short,3,15,3198,21,7,6,6,5,5,4,10,11,14,34,38,46,39,34,32,50,37,25,55,57,47,.,.
GBRTENW,2014,2,short,3,16,52,27,7,18,73,99,92,117,155,176,171,189,177,180,203,311,532,1041,3233,2064,5009,4003,8770,.,.
GBRTENW,2015,2,short,3,0,3360,144,74,84,182,206,283,416,695,1039,1611,2503,3823,6133,9476,15871,27913,53753,148331,101799,218923,186785,328372,.,.
GBRTENW,2015,2,short,3,1,52,17,4,3,4,2,6,12,11,18,24,34,45,66,101,178,346,643,1665,1181,2401,2165,3205,.,.
GBRTENW,2015,2,short,3,2,27,19,19,18,30,35,70,127,261,412,745,1248,2028,3193,4766,6886,9847,13784,19761,17956,22500,22080,23928,.,.
GBRTENW,2015,2,short,3,3,15,3,2,2,2,3,2,2,3,6,6,9,9,19,24,46,69,95,291,218,401,308,719,.,.
GBRTENW,2015,2,short,3,4,33,11,5,5,14,13,14,12,24,25,42,50,55,95,132,204,419,852,2034,1442,2933,2515,4355,.,.
GBRTENW,2015,2,short,3,5,0,1,1,1,0,2,4,10,8,8,12,15,27,41,131,486,1781,6105,28801,16855,46924,38827,74501,.,.
GBRTENW,2015,2,short,3,6,115,18,7,12,25,14,15,19,26,31,56,93,155,239,389,771,1614,3738,10013,7287,14148,13056,17864,.,.
GBRTENW,2015,2,short,3,7,52,10,1,3,6,6,15,31,43,87,147,233,387,695,1117,2153,4123,8777,27902,18475,42202,35503,65016,.,.
GBRTENW,2015,2,short,3,8,3,1,3,1,2,5,5,15,23,38,68,102,162,242,409,887,2005,4414,14176,9249,21651,18256,33212,.,.
GBRTENW,2015,2,short,3,9,0,0,0,0,0,5,4,5,12,24,27,43,45,109,200,385,692,1387,2892,2290,3805,3328,5432,.,.
GBRTENW,2015,2,short,3,10,30,11,5,5,6,7,8,6,20,31,47,70,93,160,265,551,1233,3272,16569,8519,28780,21453,53735,.,.
GBRTENW,2015,2,short,3,11,15,7,4,5,4,4,4,7,10,18,40,109,214,517,947,1735,3009,4951,8654,7363,10612,9960,12834,.,.
GBRTENW,2015,2,short,3,12,15,2,3,2,4,7,11,32,80,135,181,237,328,415,529,825,1332,2576,5849,4530,7849,7225,9974,.,.
GBRTENW,2015,2,short,3,13,3,2,1,1,0,3,3,5,6,13,12,26,38,64,120,223,433,847,2429,1736,3480,3004,5102,.,.
GBRTENW,2015,2,short,3,14,6,2,0,1,2,2,5,5,4,12,12,21,31,52,103,223,456,1146,3811,2390,5966,4676,10362,.,.
GBRTENW,2015,2,short,3,15,2901,21,7,8,9,8,6,6,4,13,16,22,31,36,39,31,19,33,36,38,34,31,43,.,.
GBRTENW,2015,2,short,3,16,91,20,12,17,75,90,112,121,159,168,176,190,175,189,200,288,537,1135,3448,2269,5237,4398,8091,.,.
GBRTENW,2016,2,short,3,0,3547,154,59,78,163,226,291,464,650,1062,1630,2527,4010,6185,9630,15635,27674,50944,141680,97714,208640,176764,305781,.,.
GBRTENW,2016,2,short,3,1,49,14,3,4,6,4,4,6,13,19,20,39,48,73,105,175,335,600,1639,1188,2327,2115,2974,.,.
GBRTENW,2016,2,short,3,2,18,19,14,20,31,33,73,151,245,410,728,1272,2098,3150,4842,6907,10083,13479,19698,17839,22529,21944,24313,.,.
GBRTENW,2016,2,short,3,3,3,3,1,0,4,4,3,4,4,3,4,4,8,18,23,32,48,86,245,156,381,330,535,.,.
GBRTENW,2016,2,short,3,4,58,13,2,7,10,14,15,15,24,24,44,47,73,99,139,230,384,773,2021,1430,2922,2430,4422,.,.
GBRTENW,2016,2,short,3,5,0,1,2,0,1,2,7,8,9,9,18,18,32,57,156,550,1763,5710,28192,16445,46084,37716,71583,.,.
GBRTENW,2016,2,short,3,6,73,15,8,12,12,23,20,19,28,42,69,91,151,257,426,819,1720,3753,10912,7882,15526,13897,20491,.,.
GBRTENW,2016,2,short,3,7,43,10,3,2,6,15,14,24,37,79,141,230,403,709,1101,1982,3910,8356,26564,17589,40233,33305,61344,.,.
GBRTENW,2016,2,short,3,8,6,1,2,2,2,2,6,12,19,46,64,105,165,246,417,833,1839,4003,12573,8353,19000,16028,28057,.,.
GBRTENW,2016,2,short,3,9,0,0,1,1,3,3,4,8,16,22,39,44,64,118,201,340,679,1289,2739,2106,3704,3459,4448,.,.
GBRTENW,2016,2,short,3,10,40,21,6,4,3,8,10,18,17,41,54,67,111,188,285,534,1207,2921,14029,7375,24163,17903,43239,.,.
GBRTENW,2016,2,short,3,11,18,3,2,3,4,4,7,11,14,32,45,115,243,496,957,1748,2998,4620,8003,6900,9683,9124,11387,.,.
GBRTENW,2016,2,short,3,12,6,4,1,3,3,5,15,42,64,130,185,240,326,419,528,757,1309,2443,5710,4410,7689,6848,10252,.,.
GBRTENW,2016,2,short,3,13,6,1,1,3,1,1,2,4,4,11,13,19,42,70,116,211,406,760,2316,1644,3338,2897,4683,.,.
GBRTENW,2016,2,short,3,14,3,1,1,0,2,4,7,7,15,9,11,19,30,57,102,208,437,988,3713,2122,6135,4831,10109,.,.
GBRTENW,2016,2,short,3,15,3156,28,5,3,10,4,6,9,10,12,13,22,32,38,27,29,34,37,63,71,51,51,52,.,.
GBRTENW,2016,2,short,3,16,67,21,8,15,65,100,99,128,130,171,184,195,182,189,205,281,522,1124,3263,2205,4874,3884,7891,.,.
GBRTENW,2001,3,short,3,0,5450,235,113,134,390,550,593,780,1023,1521,2490,3913,6218,10285,16703,28640,48149,78231,165809,131427,235991,210720,340794,.,.
GBRTENW,2001,3,short,3,1,170,21,6,5,9,12,16,21,26,31,36,36,49,64,117,194,363,553,1199,942,1722,1572,2346,.,.
GBRTENW,2001,3,short,3,2,31,33,29,29,40,54,77,145,250,453,894,1687,2818,4543,6789,10291,14316,18207,24093,22672,26995,26211,30244,.,.
GBRTENW,2001,3,short,3,3,21,4,2,3,1,5,4,4,5,5,7,9,13,14,24,38,68,115,380,258,628,560,907,.,.
GBRTENW,2001,3,short,3,4,89,15,6,6,12,16,11,15,22,29,35,57,77,166,265,452,674,1169,2322,1916,3151,2859,4364,.,.
GBRTENW,2001,3,short,3,5,0,1,0,2,16,46,59,58,43,42,40,32,35,43,89,227,827,2287,8627,5981,14027,12400,20775,.,.
GBRTENW,2001,3,short,3,6,165,39,16,18,38,28,29,42,48,63,86,111,155,222,358,641,1289,2286,4553,3902,5882,5572,7169,.,.
GBRTENW,2001,3,short,3,7,79,10,3,7,14,22,21,54,111,237,487,812,1422,2632,4484,7864,13438,22066,44950,36504,62189,56502,85776,.,.
GBRTENW,2001,3,short,3,8,5,1,2,2,3,7,16,17,36,73,123,190,323,546,1151,2421,5259,10733,27093,21010,39508,35563,55868,.,.
GBRTENW,2001,3,short,3,9,7,0,0,0,2,1,6,10,16,22,45,72,133,282,594,1161,2000,3132,5693,4777,7562,7176,9165,.,.
GBRTENW,2001,3,short,3,10,93,13,2,1,4,5,8,10,22,29,54,72,116,195,381,850,2138,4942,20222,12445,36097,28152,69045,.,.
GBRTENW,2001,3,short,3,11,45,10,6,5,6,9,10,11,22,32,60,133,288,614,1176,2410,4058,6043,10171,8840,12889,11616,18168,.,.
GBRTENW,2001,3,short,3,12,57,9,3,2,3,12,17,55,90,181,281,360,412,520,707,1131,1917,3179,6574,5211,9356,8553,12688,.,.
GBRTENW,2001,3,short,3,13,2,2,1,2,3,2,2,5,7,7,14,29,34,75,128,233,483,928,2831,1910,4709,4055,7423,.,.
GBRTENW,2001,3,short,3,14,10,1,1,1,3,5,6,7,9,8,20,21,40,82,147,287,636,1346,3734,2679,5888,5240,8575,.,.
GBRTENW,2001,3,short,3,15,4524,34,10,11,16,13,13,13,14,16,12,23,35,34,26,34,36,42,52,46,64,57,94,.,.
GBRTENW,2001,3,short,3,16,153,41,26,42,219,312,300,313,304,293,295,268,268,253,266,406,647,1201,3316,2333,5322,4632,8187,.,.
GBRTENW,2002,3,short,3,0,5288,224,109,136,369,519,595,769,1008,1521,2521,3842,6036,10080,16305,27931,47786,77827,169949,133296,241039,215408,345134,.,.
GBRTENW,2002,3,short,3,1,105,21,4,3,8,9,11,18,24,27,35,37,50,75,111,181,348,600,1321,1077,1793,1616,2513,.,.
GBRTENW,2002,3,short,3,2,26,37,31,33,46,48,71,141,242,457,896,1623,2768,4531,6806,10159,14342,18139,24497,23098,27210,26552,29882,.,.
GBRTENW,2002,3,short,3,3,33,3,2,1,2,3,3,6,5,7,5,10,13,21,29,46,69,137,385,270,608,537,894,.,.
GBRTENW,2002,3,short,3,4,96,16,6,7,13,14,12,22,20,25,39,54,80,148,251,459,685,1144,2449,1971,3376,3072,4608,.,.
GBRTENW,2002,3,short,3,5,0,0,0,3,16,46,61,53,38,30,32,31,35,40,77,243,840,2224,8881,5914,14635,12778,22178,.,.
GBRTENW,2002,3,short,3,6,184,25,15,16,33,25,28,37,48,61,97,116,151,202,364,678,1331,2339,4715,4047,6011,5604,7664,.,.
GBRTENW,2002,3,short,3,7,65,9,5,3,10,20,30,53,109,246,484,809,1338,2434,4180,7390,12842,21584,45388,36243,63124,57406,86349,.,.
GBRTENW,2002,3,short,3,8,15,2,1,3,5,5,8,21,38,76,144,192,297,547,1081,2339,5162,10533,27845,21090,40946,37252,55946,.,.
GBRTENW,2002,3,short,3,9,2,0,0,1,3,5,9,11,16,27,50,74,141,292,534,1081,1959,2993,5568,4819,7020,6454,9321,.,.
GBRTENW,2002,3,short,3,10,82,9,3,4,5,5,8,13,23,26,51,77,115,198,370,847,2120,5111,21067,12795,37112,29347,68645,.,.
GBRTENW,2002,3,short,3,11,29,7,4,7,8,12,8,16,18,29,58,133,296,609,1159,2377,4307,6261,10785,9153,13953,12438,20103,.,.
GBRTENW,2002,3,short,3,12,51,7,5,3,4,11,19,51,100,190,295,349,406,548,749,1137,1956,3204,6782,5461,9342,8628,12241,.,.
GBRTENW,2002,3,short,3,13,3,0,1,1,1,2,3,6,7,9,14,23,35,81,141,264,449,988,2887,1980,4646,3998,7276,.,.
GBRTENW,2002,3,short,3,14,9,0,1,0,3,2,8,10,8,13,17,28,40,78,153,322,707,1412,4143,2994,6372,5596,9521,.,.
GBRTENW,2002,3,short,3,15,4468,45,8,12,10,12,11,12,12,13,17,21,33,30,28,28,34,49,70,59,90,90,86,.,.
GBRTENW,2002,3,short,3,16,120,43,25,39,203,297,304,300,299,284,288,264,238,246,269,381,634,1109,3167,2323,4803,4039,7907,.,.
GBRTENW,2003,3,short,3,0,5437,242,105,127,345,510,575,747,1006,1537,2442,3874,6004,9936,16050,27201,46931,79047,175390,135756,247310,219616,357774,.,.
GBRTENW,2003,3,short,3,1,122,19,6,4,7,9,11,20,26,34,41,41,51,74,107,208,364,630,1540,1204,2150,1955,2927,.,.
GBRTENW,2003,3,short,3,2,24,36,27,30,45,51,71,134,228,446,867,1585,2682,4450,6653,9926,14103,18453,24346,22654,27417,26813,29826,.,.
GBRTENW,2003,3,short,3,3,32,3,2,2,1,2,2,3,4,7,6,8,11,17,33,41,78,138,392,241,666,552,1117,.,.
GBRTENW,2003,3,short,3,4,107,12,5,5,8,15,15,19,22,25,39,57,87,139,284,445,666,1126,2584,1979,3682,3170,5724,.,.
GBRTENW,2003,3,short,3,5,0,0,0,2,9,34,51,55,42,33,34,31,29,41,75,254,833,2357,9381,6346,14889,12815,23159,.,.
GBRTENW,2003,3,short,3,6,189,34,15,15,34,29,29,33,55,76,87,117,155,236,359,720,1376,2518,5051,4271,6468,6135,7794,.,.
GBRTENW,2003,3,short,3,7,56,13,4,5,13,19,30,56,97,235,455,796,1297,2312,3950,6945,12182,21153,45963,36325,63451,57360,87749,.,.
GBRTENW,2003,3,short,3,8,8,4,1,2,5,9,12,20,38,72,128,198,293,513,1025,2208,4934,10439,27481,20663,39853,35776,56118,.,.
GBRTENW,2003,3,short,3,9,3,0,0,1,3,3,6,13,17,30,47,72,131,273,552,1056,1866,3123,5526,4688,7047,6403,9616,.,.
GBRTENW,2003,3,short,3,10,78,11,2,3,3,3,10,14,18,31,47,89,115,232,413,888,2220,5247,22426,13311,38967,30659,72105,.,.
GBRTENW,2003,3,short,3,11,44,8,5,6,6,7,8,12,23,35,57,151,315,659,1247,2442,4472,6749,12251,10325,15747,14401,21119,.,.
GBRTENW,2003,3,short,3,12,71,8,4,4,5,8,21,51,111,191,302,379,457,557,767,1100,1960,3236,7111,5746,9589,8731,13010,.,.
GBRTENW,2003,3,short,3,13,5,1,1,1,3,4,3,4,5,10,17,26,44,71,128,260,471,981,3058,2015,4951,4133,8214,.,.
GBRTENW,2003,3,short,3,14,7,2,1,1,1,4,6,9,9,11,13,28,43,65,159,331,698,1620,4621,3416,6807,5911,10383,.,.
GBRTENW,2003,3,short,3,15,4567,44,8,7,10,11,14,14,14,13,14,23,34,38,33,24,37,52,71,62,88,85,100,.,.
GBRTENW,2003,3,short,3,16,122,45,21,40,191,304,285,289,297,288,289,272,262,259,266,353,673,1226,3586,2510,5540,4718,8816,.,.
GBRTENW,2004,3,short,3,0,5139,214,94,122,337,472,544,724,1001,1462,2324,3750,5646,9403,15376,25582,44134,75272,164569,125796,231597,205727,333291,.,.
GBRTENW,2004,3,short,3,1,106,20,5,4,6,7,12,19,25,31,32,41,47,75,116,204,387,718,1668,1280,2340,2126,3180,.,.
GBRTENW,2004,3,short,3,2,33,30,27,29,42,55,73,127,229,428,815,1550,2590,4313,6614,9705,13904,18050,23936,22190,26955,26072,30424,.,.
GBRTENW,2004,3,short,3,3,23,4,2,2,1,2,2,4,4,6,5,9,14,18,30,41,69,124,366,242,582,520,826,.,.
GBRTENW,2004,3,short,3,4,88,12,7,4,8,16,16,16,21,23,36,57,71,118,259,403,644,1032,2452,1917,3376,2919,5176,.,.
GBRTENW,2004,3,short,3,5,0,1,1,1,9,30,47,48,49,42,33,34,30,42,78,238,766,2233,8844,5790,14122,12314,21229,.,.
GBRTENW,2004,3,short,3,6,142,33,12,15,25,28,26,31,47,60,88,107,149,244,362,655,1225,2349,4540,3773,5866,5711,6475,.,.
GBRTENW,2004,3,short,3,7,54,4,2,9,12,16,30,56,105,218,443,726,1180,2081,3634,6276,11079,19565,42890,33336,59405,53734,81696,.,.
GBRTENW,2004,3,short,3,8,15,2,2,1,4,7,12,21,42,60,117,184,258,477,909,1976,4404,9568,24953,18362,36348,32438,51719,.,.
GBRTENW,2004,3,short,3,9,5,1,0,0,3,2,4,14,15,26,38,70,125,247,518,951,1739,2923,5209,4482,6466,6027,8192,.,.
GBRTENW,2004,3,short,3,10,57,17,2,1,2,3,7,11,20,29,46,79,110,191,361,804,2011,4872,19686,11461,33904,26850,61634,.,.
GBRTENW,2004,3,short,3,11,44,5,9,7,5,11,9,12,15,32,61,135,275,599,1164,2186,4043,6663,11743,9757,15175,13526,21656,.,.
GBRTENW,2004,3,short,3,12,62,7,2,3,4,8,20,47,99,179,282,401,431,577,746,1137,1901,3306,6983,5529,9496,8598,13025,.,.
GBRTENW,2004,3,short,3,13,0,0,1,2,2,2,4,5,8,13,16,20,37,76,127,258,501,959,2804,1862,4432,3761,7071,.,.
GBRTENW,2004,3,short,3,14,10,1,0,1,1,3,5,10,10,12,19,25,43,68,135,330,739,1590,4856,3345,7469,6328,11955,.,.
GBRTENW,2004,3,short,3,15,4407,34,8,6,14,13,12,14,13,13,15,22,33,35,25,24,34,60,75,70,85,74,128,.,.
GBRTENW,2004,3,short,3,16,95,41,14,37,199,269,266,289,299,290,276,289,254,244,298,395,686,1261,3563,2399,5576,4729,8905,.,.
GBRTENW,2005,3,short,3,0,5083,206,90,123,324,452,516,680,957,1455,2327,3675,5650,9190,14926,24840,42973,73590,164277,124488,235411,207739,342190,.,.
GBRTENW,2005,3,short,3,1,115,22,3,2,8,5,13,18,21,28,34,45,52,73,136,229,465,903,2256,1730,3195,2937,4189,.,.
GBRTENW,2005,3,short,3,2,24,26,28,27,34,49,63,115,222,423,808,1488,2627,4226,6534,9592,13688,17922,24103,22488,26989,26427,29156,.,.
GBRTENW,2005,3,short,3,3,31,5,1,2,3,2,2,4,4,4,6,10,12,15,29,46,78,142,383,246,630,499,1134,.,.
GBRTENW,2005,3,short,3,4,70,12,4,7,9,13,13,13,18,28,40,52,76,117,203,379,644,1033,2441,1806,3576,3246,4853,.,.
GBRTENW,2005,3,short,3,5,0,0,1,1,10,26,43,58,52,40,41,41,36,50,76,227,743,2189,8812,5597,14558,12475,22596,.,.
GBRTENW,2005,3,short,3,6,149,25,12,20,27,31,32,32,41,64,88,113,158,224,386,685,1342,2309,4618,3855,5984,5552,7649,.,.
GBRTENW,2005,3,short,3,7,70,9,2,4,11,14,25,50,108,223,413,693,1125,2012,3391,5839,10412,18532,41523,31939,58658,52403,82793,.,.
GBRTENW,2005,3,short,3,8,15,4,2,2,4,7,9,20,36,61,114,169,248,438,837,1823,4153,8787,23741,17406,35067,31102,50370,.,.
GBRTENW,2005,3,short,3,9,3,0,0,1,3,5,9,9,16,28,46,73,112,219,458,925,1602,2729,5001,4276,6296,5991,7473,.,.
GBRTENW,2005,3,short,3,10,71,15,2,2,3,5,7,10,18,27,47,86,109,206,370,808,1913,4816,20102,11477,35523,28003,64540,.,.
GBRTENW,2005,3,short,3,11,34,7,6,5,5,8,7,11,14,31,59,135,281,610,1191,2221,4201,6811,12574,10182,16852,14834,24636,.,.
GBRTENW,2005,3,short,3,12,49,5,2,1,5,9,16,42,91,178,300,405,436,566,737,1085,1875,3325,7009,5623,9487,8566,13043,.,.
GBRTENW,2005,3,short,3,13,3,2,0,1,2,1,4,6,6,10,15,27,45,66,117,230,475,988,2846,1964,4423,3729,7102,.,.
GBRTENW,2005,3,short,3,14,11,0,0,0,2,2,5,6,10,14,16,31,42,78,161,337,725,1745,5146,3441,8193,7073,12512,.,.
GBRTENW,2005,3,short,3,15,4334,40,10,9,11,11,12,11,15,12,17,23,27,33,27,30,41,47,67,69,65,66,61,.,.
GBRTENW,2005,3,short,3,16,104,33,17,40,188,262,254,275,285,283,283,282,262,257,274,384,616,1314,3654,2388,5916,4836,10083,.,.
GBRTENW,2006,3,short,3,0,5128,226,102,127,351,467,547,712,998,1457,2287,3675,5658,8950,14427,23697,41024,70882,154792,117073,227238,201040,325097,.,.
GBRTENW,2006,3,short,3,1,106,20,5,3,7,4,10,19,25,28,40,44,56,95,139,294,564,1176,2860,2193,4140,3704,5768,.,.
GBRTENW,2006,3,short,3,2,33,38,25,31,42,48,75,135,234,421,792,1476,2620,4205,6524,9269,13596,17963,23709,22249,26511,25960,28568,.,.
GBRTENW,2006,3,short,3,3,30,4,1,1,1,3,2,4,4,6,6,8,18,17,26,41,65,122,327,195,580,489,921,.,.
GBRTENW,2006,3,short,3,4,78,10,7,7,8,14,14,15,20,28,37,56,73,105,204,355,587,1003,2239,1584,3496,2921,5645,.,.
GBRTENW,2006,3,short,3,5,0,0,0,0,8,24,45,44,49,37,32,30,35,38,82,221,705,2193,8667,5420,14903,12781,22830,.,.
GBRTENW,2006,3,short,3,6,151,30,14,17,38,35,26,31,42,63,90,128,155,242,367,679,1191,2342,4504,3731,5988,5670,7175,.,.
GBRTENW,2006,3,short,3,7,75,10,5,9,15,16,29,59,105,216,396,709,1117,1830,3085,5359,9547,16979,38210,29242,55433,49590,77259,.,.
GBRTENW,2006,3,short,3,8,23,1,3,1,5,5,9,22,32,57,105,168,215,399,759,1684,3824,8188,22153,16019,33935,30082,48324,.,.
GBRTENW,2006,3,short,3,9,2,1,1,1,1,4,8,11,20,28,48,67,128,226,458,868,1563,2538,4681,4011,5970,5556,7515,.,.
GBRTENW,2006,3,short,3,10,72,12,2,3,5,3,7,12,16,29,42,71,117,208,355,760,1778,4402,17205,9773,31480,24712,56764,.,.
GBRTENW,2006,3,short,3,11,53,9,9,7,6,7,10,10,13,27,54,131,282,569,1113,2060,3908,6731,11921,9527,16519,14905,22549,.,.
GBRTENW,2006,3,short,3,12,72,10,3,3,5,6,23,50,117,191,310,421,464,571,747,1120,1805,3277,6808,5435,9445,8631,12486,.,.
GBRTENW,2006,3,short,3,13,5,1,0,0,2,2,4,5,6,11,12,28,39,72,123,239,476,895,2641,1789,4277,3584,6866,.,.
GBRTENW,2006,3,short,3,14,9,1,1,0,2,3,7,8,11,13,20,29,42,79,145,354,774,1744,5262,3522,8604,7481,12797,.,.
GBRTENW,2006,3,short,3,15,4328,36,8,8,9,11,10,10,13,14,15,20,30,34,32,27,36,37,47,47,46,43,58,.,.
GBRTENW,2006,3,short,3,16,92,44,19,36,197,283,269,276,291,289,287,289,270,260,269,369,605,1292,3560,2337,5910,4929,9571,.,.
GBRTENW,2007,3,short,3,0,4934,226,97,125,327,463,524,731,984,1455,2193,3544,5617,8686,14199,22865,39874,69891,154409,116766,231486,201662,336781,.,.
GBRTENW,2007,3,short,3,1,117,25,6,3,7,8,11,16,23,31,35,49,61,94,144,299,599,1217,3048,2310,4558,4119,6110,.,.
GBRTENW,2007,3,short,3,2,29,32,27,27,42,53,76,124,229,428,773,1452,2575,4130,6496,9185,13302,18109,24015,22255,27618,26862,30289,.,.
GBRTENW,2007,3,short,3,3,26,4,3,3,2,3,3,3,3,7,8,12,14,18,29,41,66,107,310,192,551,451,904,.,.
GBRTENW,2007,3,short,3,4,111,17,6,8,9,15,16,18,19,24,38,48,76,94,191,347,611,962,2231,1609,3504,2922,5560,.,.
GBRTENW,2007,3,short,3,5,0,0,0,1,7,29,42,54,43,38,34,32,28,46,89,243,792,2380,9456,5835,16871,14016,26954,.,.
GBRTENW,2007,3,short,3,6,123,31,16,15,27,30,26,36,45,60,87,111,165,227,385,674,1350,2523,4940,4113,6633,6134,8395,.,.
GBRTENW,2007,3,short,3,7,79,11,3,5,13,19,26,55,110,194,364,670,1089,1712,2931,4935,8986,16398,37774,28974,55794,48877,80214,.,.
GBRTENW,2007,3,short,3,8,26,2,1,0,4,6,12,18,27,58,97,149,218,377,728,1558,3512,7790,20919,14990,33058,29128,46932,.,.
GBRTENW,2007,3,short,3,9,2,1,0,2,1,3,6,12,18,29,48,68,124,222,410,822,1462,2476,4472,3837,5771,5549,6557,.,.
GBRTENW,2007,3,short,3,10,62,12,3,3,4,4,6,8,22,33,54,70,113,191,347,715,1673,4155,16709,9579,31308,23630,58415,.,.
GBRTENW,2007,3,short,3,11,46,9,5,7,6,8,7,11,18,31,66,133,285,567,1159,2051,3840,6550,12121,9812,16849,15036,23247,.,.
GBRTENW,2007,3,short,3,12,46,6,3,4,2,8,21,54,106,199,272,419,489,578,737,1033,1799,3178,6672,5288,9505,8646,12539,.,.
GBRTENW,2007,3,short,3,13,3,2,0,2,2,2,3,5,5,9,12,20,38,66,114,235,443,924,2677,1859,4351,3686,6702,.,.
GBRTENW,2007,3,short,3,14,11,1,0,1,2,4,6,7,12,10,17,24,38,74,147,343,794,1801,5545,3668,9389,7844,14845,.,.
GBRTENW,2007,3,short,3,15,4166,36,8,8,10,8,10,10,14,17,16,20,30,40,23,24,32,38,56,51,67,70,56,.,.
GBRTENW,2007,3,short,3,16,88,38,16,36,191,264,252,302,291,285,271,267,275,252,270,359,613,1281,3465,2394,5657,4694,9059,.,.
GBRTENW,2008,3,short,3,0,4816,212,103,99,319,468,529,729,1016,1480,2225,3555,5451,8536,13807,22578,39048,68816,155947,118690,237754,205176,345178,.,.
GBRTENW,2008,3,short,3,1,123,22,5,2,5,6,11,17,24,33,40,44,62,80,133,244,443,894,2202,1671,3368,3010,4549,.,.
GBRTENW,2008,3,short,3,2,16,27,29,19,32,47,74,124,227,409,761,1411,2477,4079,6389,9237,13196,18012,24241,22875,27242,26495,29702,.,.
GBRTENW,2008,3,short,3,3,18,4,3,2,3,2,3,3,3,7,8,10,12,16,31,38,55,89,298,174,569,451,960,.,.
GBRTENW,2008,3,short,3,4,99,12,8,5,7,15,17,15,24,27,40,55,71,99,177,343,607,969,2314,1727,3603,3126,5177,.,.
GBRTENW,2008,3,short,3,5,0,0,1,0,8,25,36,56,54,51,42,38,43,47,86,266,816,2508,10440,6531,19021,15637,30177,.,.
GBRTENW,2008,3,short,3,6,147,27,17,14,29,33,30,31,38,63,84,116,166,255,386,704,1471,2628,5306,4398,7301,6865,8741,.,.
GBRTENW,2008,3,short,3,7,77,10,4,4,11,17,30,52,114,205,381,662,1008,1647,2729,4782,8479,15740,37333,28575,56564,49091,81206,.,.
GBRTENW,2008,3,short,3,8,12,1,3,2,4,6,12,19,32,54,91,158,219,360,664,1387,3371,7542,20966,15335,33331,28848,48113,.,.
GBRTENW,2008,3,short,3,9,3,0,0,1,2,3,5,13,19,23,52,65,102,191,389,757,1451,2314,4423,3692,6028,5646,7290,.,.
GBRTENW,2008,3,short,3,10,77,14,4,2,4,6,7,14,23,35,45,72,116,190,368,695,1648,4263,17236,9918,33305,25019,60631,.,.
GBRTENW,2008,3,short,3,11,24,11,3,6,5,8,8,12,19,33,59,131,304,578,1163,2124,3820,6719,12415,10107,17485,15314,24645,.,.
GBRTENW,2008,3,short,3,12,46,5,3,3,5,10,20,62,109,196,286,413,486,564,732,1062,1784,3097,6663,5444,9337,8327,12667,.,.
GBRTENW,2008,3,short,3,13,3,2,1,1,2,2,3,3,5,10,16,22,39,69,123,233,455,925,2657,1811,4513,3883,6591,.,.
GBRTENW,2008,3,short,3,14,7,1,1,1,2,5,5,9,11,10,13,27,46,74,143,325,804,1821,5846,3986,9931,8492,14677,.,.
GBRTENW,2008,3,short,3,15,4083,39,8,5,9,9,10,8,12,13,14,25,26,36,22,21,29,39,52,48,58,68,27,.,.
GBRTENW,2008,3,short,3,16,82,36,16,32,191,274,257,291,302,312,293,306,273,253,272,359,619,1257,3555,2398,6097,4906,10025,.,.
GBRTENW,2009,3,short,3,0,4741,181,91,109,311,420,522,677,1006,1489,2143,3339,5410,8169,13100,21526,36761,65232,147018,113831,221994,190437,321584,.,.
GBRTENW,2009,3,short,3,1,93,21,6,6,5,6,7,14,24,31,40,46,70,72,116,211,378,749,1838,1466,2678,2353,3703,.,.
GBRTENW,2009,3,short,3,2,24,26,24,23,38,48,66,119,208,408,724,1355,2462,3978,6206,9114,12866,17678,23834,22690,26419,25721,28619,.,.
GBRTENW,2009,3,short,3,3,18,4,1,1,3,2,4,3,4,6,6,13,10,15,27,41,65,105,309,209,536,454,795,.,.
GBRTENW,2009,3,short,3,4,75,10,7,7,11,17,15,12,25,25,35,47,80,97,171,302,563,913,2187,1612,3486,2994,5038,.,.
GBRTENW,2009,3,short,3,5,0,1,0,0,6,15,32,43,50,47,34,34,45,52,92,235,831,2437,9892,6279,18053,14669,28733,.,.
GBRTENW,2009,3,short,3,6,132,23,10,16,28,30,25,28,42,60,78,110,163,236,373,689,1357,2633,5304,4480,7165,6679,8699,.,.
GBRTENW,2009,3,short,3,7,64,5,4,4,14,18,25,54,107,191,362,611,989,1523,2521,4361,7817,14626,35062,26962,53359,45714,77485,.,.
GBRTENW,2009,3,short,3,8,15,2,1,2,2,4,7,16,31,58,84,124,205,323,592,1346,3065,6906,19249,14362,30288,25962,43942,.,.
GBRTENW,2009,3,short,3,9,4,0,0,0,1,3,8,10,23,37,39,65,115,186,396,699,1263,2313,4170,3557,5554,5239,6545,.,.
GBRTENW,2009,3,short,3,10,59,15,7,6,7,9,10,18,29,36,48,83,132,201,307,700,1549,3801,15324,9170,29226,21881,52409,.,.
GBRTENW,2009,3,short,3,11,31,5,4,4,7,5,6,12,15,24,54,122,279,532,1060,1973,3521,6097,11749,9618,16563,14519,23013,.,.
GBRTENW,2009,3,short,3,12,50,5,0,2,3,8,24,59,110,206,282,368,463,545,682,958,1671,3035,6363,5238,8906,8032,11666,.,.
GBRTENW,2009,3,short,3,13,3,0,0,3,4,3,5,4,8,12,13,26,41,60,112,212,413,867,2436,1740,4010,3351,6092,.,.
GBRTENW,2009,3,short,3,14,7,1,0,0,3,4,6,6,10,10,16,23,41,67,136,326,750,1815,5863,4016,10034,8353,15339,.,.
GBRTENW,2009,3,short,3,15,4078,32,12,12,11,11,11,12,14,15,17,22,31,37,24,21,28,29,54,48,67,64,77,.,.
GBRTENW,2009,3,short,3,16,87,29,14,23,167,238,272,265,305,323,310,290,283,246,287,337,623,1231,3386,2384,5649,4451,9428,.,.
GBRTENW,2010,3,short,3,0,4441,182,94,100,266,401,469,653,964,1436,2089,3319,5285,8090,12770,21197,36004,63603,147137,112040,221013,189886,324217,.,.
GBRTENW,2010,3,short,3,1,95,12,5,3,6,7,8,12,21,28,34,41,50,73,116,178,322,623,1573,1243,2267,1966,3265,.,.
GBRTENW,2010,3,short,3,2,35,28,24,25,37,40,71,117,215,398,713,1350,2412,3872,5990,9039,12728,17602,24138,22697,27171,26732,28627,.,.
GBRTENW,2010,3,short,3,3,23,4,1,3,3,2,4,4,5,7,7,11,10,18,26,40,59,108,271,184,454,383,687,.,.
GBRTENW,2010,3,short,3,4,88,11,7,4,8,13,13,20,21,31,38,53,81,87,149,285,498,969,2266,1624,3618,2964,5789,.,.
GBRTENW,2010,3,short,3,5,1,0,1,1,4,12,26,38,50,45,39,30,45,53,95,267,854,2569,11005,6943,19554,15601,32660,.,.
GBRTENW,2010,3,short,3,6,133,25,14,15,27,28,28,25,43,56,80,109,167,250,387,710,1487,2795,5486,4479,7603,7077,9348,.,.
GBRTENW,2010,3,short,3,7,45,10,5,4,12,15,30,51,98,200,349,595,943,1525,2434,4124,7425,13976,34494,25944,52493,45156,76817,.,.
GBRTENW,2010,3,short,3,8,19,2,1,1,4,5,5,17,31,45,82,139,211,294,630,1316,2894,6410,19205,13972,30219,25922,44465,.,.
GBRTENW,2010,3,short,3,9,3,0,0,1,1,4,9,11,23,35,52,66,111,193,364,684,1286,2096,4164,3498,5567,5166,6895,.,.
GBRTENW,2010,3,short,3,10,53,15,4,4,5,6,8,12,22,35,47,71,114,185,308,636,1396,3492,14500,8484,27163,20392,49611,.,.
GBRTENW,2010,3,short,3,11,28,6,5,4,4,5,9,8,14,36,52,116,278,558,1049,2029,3585,6092,11920,9741,16504,14435,23364,.,.
GBRTENW,2010,3,short,3,12,29,4,3,1,6,8,18,60,111,191,268,371,476,558,690,1000,1670,2958,6411,5189,8982,8203,11566,.,.
GBRTENW,2010,3,short,3,13,6,0,0,1,1,2,5,4,7,12,16,25,41,62,114,206,411,875,2385,1663,3907,3249,6089,.,.
GBRTENW,2010,3,short,3,14,13,2,1,0,2,2,5,6,8,11,15,27,40,75,134,300,761,1846,5982,3994,10167,8320,16291,.,.
GBRTENW,2010,3,short,3,15,3794,33,10,7,10,12,12,8,12,13,16,24,29,29,26,27,31,31,51,49,57,52,75,.,.
GBRTENW,2010,3,short,3,16,76,30,13,25,137,241,219,259,284,294,280,292,278,257,259,356,599,1161,3288,2338,5287,4267,8668,.,.
GBRTENW,2011,3,short,3,0,4383,183,82,89,233,364,452,616,923,1396,2038,3205,5072,7916,12240,20671,34200,61050,142325,107429,209062,179229,316658,.,.
GBRTENW,2011,3,short,3,1,95,24,4,2,4,4,6,12,19,19,35,45,58,75,110,179,355,685,1691,1302,2435,2148,3468,.,.
GBRTENW,2011,3,short,3,2,29,24,25,23,30,48,73,120,205,382,707,1316,2367,3873,5999,9003,12488,17454,24582,22906,27788,26787,31397,.,.
GBRTENW,2011,3,short,3,3,17,3,2,2,2,2,3,3,6,3,5,9,13,20,24,34,52,121,282,176,482,349,964,.,.
GBRTENW,2011,3,short,3,4,75,15,4,6,7,13,10,16,19,31,39,41,70,96,136,247,441,849,1949,1406,2989,2525,4659,.,.
GBRTENW,2011,3,short,3,5,0,1,0,1,1,1,6,9,14,15,22,26,40,61,128,409,1408,4285,17430,11174,29394,24152,48301,.,.
GBRTENW,2011,3,short,3,6,130,18,12,11,23,30,29,29,37,56,78,110,142,240,378,711,1410,2676,5722,4634,7804,7140,10199,.,.
GBRTENW,2011,3,short,3,7,63,7,2,5,10,16,28,44,95,174,309,541,888,1404,2128,3852,6756,12381,30322,22833,44645,38597,66457,.,.
GBRTENW,2011,3,short,3,8,6,2,2,1,3,5,6,14,29,47,78,130,195,286,533,1150,2434,5245,14943,10582,23284,19809,35815,.,.
GBRTENW,2011,3,short,3,9,7,0,0,0,1,5,6,13,14,28,41,52,88,152,306,590,1065,1873,3467,2963,4431,4123,5540,.,.
GBRTENW,2011,3,short,3,10,66,15,4,3,4,5,12,15,24,36,51,79,116,170,273,610,1249,3300,14116,8174,25481,19124,48409,.,.
GBRTENW,2011,3,short,3,11,45,5,4,3,3,4,8,9,19,33,52,123,261,565,1047,2061,3459,6207,12111,9958,16228,14228,23439,.,.
GBRTENW,2011,3,short,3,12,20,5,1,2,4,7,24,53,103,204,262,368,454,568,657,993,1548,2673,5807,4575,8164,7214,11592,.,.
GBRTENW,2011,3,short,3,13,3,1,1,1,2,3,5,5,9,10,13,26,44,71,114,194,389,820,2205,1565,3428,2883,5394,.,.
GBRTENW,2011,3,short,3,14,4,0,1,1,1,3,3,9,7,12,11,18,38,58,117,262,553,1289,4483,2882,7546,6126,12666,.,.
GBRTENW,2011,3,short,3,15,3763,36,5,7,8,8,9,12,12,11,13,18,23,26,29,20,27,39,48,44,57,53,72,.,.
GBRTENW,2011,3,short,3,16,59,26,15,21,129,210,225,253,310,334,321,302,274,249,264,357,566,1152,3165,2255,4907,3971,8285,.,.
GBRTENW,2012,3,short,3,0,4197,168,85,94,234,345,419,586,865,1335,2012,3056,4944,7805,12033,20362,34193,61902,148729,110556,218175,188199,334361,.,.
GBRTENW,2012,3,short,3,1,82,12,4,3,3,4,6,9,16,22,33,40,52,86,105,179,352,582,1542,1165,2226,1938,3343,.,.
GBRTENW,2012,3,short,3,2,20,28,25,26,29,41,66,123,202,378,726,1290,2342,3854,5804,8875,12483,17572,24955,23147,28244,27460,31281,.,.
GBRTENW,2012,3,short,3,3,14,4,2,1,1,2,1,2,4,5,8,9,14,16,25,43,62,86,236,155,384,316,647,.,.
GBRTENW,2012,3,short,3,4,70,12,7,6,9,12,14,16,21,28,31,45,70,100,141,251,476,846,1966,1427,2946,2421,4983,.,.
GBRTENW,2012,3,short,3,5,0,0,0,0,2,1,4,11,14,19,24,22,35,62,136,467,1490,4851,19933,12824,32867,27557,53449,.,.
GBRTENW,2012,3,short,3,6,125,18,12,11,22,28,24,25,39,45,83,110,158,264,405,757,1572,2987,6765,5512,9043,8436,11396,.,.
GBRTENW,2012,3,short,3,7,64,10,3,3,13,15,25,45,88,179,293,515,848,1319,2123,3684,6428,12435,31432,22770,47192,40459,73288,.,.
GBRTENW,2012,3,short,3,8,10,2,1,1,4,4,7,12,26,44,74,120,193,279,508,1074,2309,5032,14941,10510,23001,19450,36764,.,.
GBRTENW,2012,3,short,3,9,6,0,0,0,2,4,4,9,19,26,41,55,96,159,292,588,1065,1785,3493,2903,4565,4250,5784,.,.
GBRTENW,2012,3,short,3,10,55,12,4,3,2,4,4,6,12,23,39,55,86,145,262,530,1279,3257,14293,8027,25693,19457,49862,.,.
GBRTENW,2012,3,short,3,11,21,5,3,5,6,4,4,7,18,31,52,106,244,591,1084,2149,3619,6433,13180,10628,17822,15695,26069,.,.
GBRTENW,2012,3,short,3,12,21,5,2,2,5,6,23,47,83,177,251,335,430,527,679,945,1553,2711,5922,4698,8150,7425,10961,.,.
GBRTENW,2012,3,short,3,13,3,1,0,2,2,2,3,4,8,11,13,25,40,62,111,209,372,831,2294,1552,3644,3138,5605,.,.
GBRTENW,2012,3,short,3,14,6,0,0,0,1,4,5,6,6,8,13,18,33,68,102,252,541,1321,4567,2900,7599,6220,12946,.,.
GBRTENW,2012,3,short,3,15,3615,34,10,7,8,9,12,11,12,10,14,18,22,27,26,25,26,40,58,57,58,51,85,.,.
GBRTENW,2012,3,short,3,16,85,25,12,24,124,205,217,252,297,328,315,292,282,247,232,335,564,1137,3153,2281,4741,3926,7898,.,.
GBRTENW,2013,3,short,3,0,3882,173,81,94,223,336,442,611,919,1374,2015,3067,4926,7816,11873,19969,33808,61645,149479,110291,218849,190907,335106,.,.
GBRTENW,2013,3,short,3,1,65,14,5,4,4,3,7,10,19,26,33,43,59,77,106,157,348,650,1573,1158,2309,2104,3162,.,.
GBRTENW,2013,3,short,3,2,22,30,25,23,27,41,70,126,208,380,692,1249,2234,3779,5778,8706,12219,17247,24648,22622,28235,27742,30289,.,.
GBRTENW,2013,3,short,3,3,10,5,1,1,1,2,2,3,5,4,4,11,15,20,24,43,65,87,227,150,364,282,709,.,.
GBRTENW,2013,3,short,3,4,55,9,4,6,10,11,17,17,21,29,41,55,69,99,143,252,462,811,1923,1406,2838,2464,4396,.,.
GBRTENW,2013,3,short,3,5,0,0,0,1,2,3,8,11,14,20,23,30,42,63,143,450,1563,5022,20983,13388,34425,29069,56712,.,.
GBRTENW,2013,3,short,3,6,121,25,13,10,23,22,29,27,36,55,80,103,159,254,422,750,1548,3261,7223,5908,9552,8825,12576,.,.
GBRTENW,2013,3,short,3,7,65,9,3,5,8,15,27,41,87,172,311,533,881,1348,2046,3637,6285,12132,31050,22469,46242,40353,70744,.,.
GBRTENW,2013,3,short,3,8,17,1,0,1,4,4,7,17,26,49,75,117,199,277,459,1023,2240,4833,14077,9717,21795,19010,33381,.,.
GBRTENW,2013,3,short,3,9,9,0,0,0,1,3,6,11,15,26,39,56,85,160,267,546,977,1703,3349,2794,4331,3968,5843,.,.
GBRTENW,2013,3,short,3,10,45,14,3,1,1,4,5,10,15,25,44,53,85,164,235,539,1282,3270,14492,8064,25871,19599,51967,.,.
GBRTENW,2013,3,short,3,11,26,4,4,5,5,5,6,10,14,34,55,116,256,615,1079,2185,3793,6758,13914,11004,19066,16931,27950,.,.
GBRTENW,2013,3,short,3,12,16,4,3,2,7,6,20,44,105,181,249,325,447,538,656,876,1416,2559,5883,4760,7872,7154,10860,.,.
GBRTENW,2013,3,short,3,13,1,1,1,1,1,2,4,5,5,8,14,24,34,63,108,203,399,794,2201,1496,3450,2936,5587,.,.
GBRTENW,2013,3,short,3,14,1,1,0,1,1,2,5,6,6,12,10,21,39,61,117,235,537,1237,4408,2854,7157,5907,12361,.,.
GBRTENW,2013,3,short,3,15,3362,31,8,9,7,7,7,9,11,15,15,16,25,31,24,21,27,39,49,46,53,57,38,.,.
GBRTENW,2013,3,short,3,16,68,23,10,25,120,205,222,265,330,339,329,315,296,268,266,346,648,1241,3478,2457,5287,4507,8529,.,.
GBRTENW,2014,3,short,3,0,3837,161,85,93,242,359,448,614,900,1386,2029,3037,4781,7718,11619,19554,32932,59321,144163,106260,210143,184794,317371,.,.
GBRTENW,2014,3,short,3,1,68,10,3,5,4,5,5,8,20,21,29,45,55,82,115,182,312,609,1474,1107,2115,1925,2916,.,.
GBRTENW,2014,3,short,3,2,16,26,27,21,34,43,74,125,198,385,679,1225,2179,3700,5613,8598,12113,17211,25147,23132,28654,28110,30954,.,.
GBRTENW,2014,3,short,3,3,15,3,2,1,1,3,2,4,4,5,9,8,13,15,28,40,55,84,238,158,376,315,636,.,.
GBRTENW,2014,3,short,3,4,53,10,4,5,10,14,14,20,24,29,38,50,72,109,151,284,450,864,1994,1462,2921,2509,4663,.,.
GBRTENW,2014,3,short,3,5,0,0,1,1,0,2,5,10,16,16,23,23,30,53,151,494,1664,5267,22253,13820,36933,31618,59415,.,.
GBRTENW,2014,3,short,3,6,107,18,10,16,25,24,25,30,39,44,76,100,137,255,414,793,1661,3510,8086,6256,11271,10575,14219,.,.
GBRTENW,2014,3,short,3,7,58,5,4,2,10,15,26,46,81,172,317,507,833,1354,1963,3353,5931,11211,29508,21392,43636,37762,68485,.,.
GBRTENW,2014,3,short,3,8,10,2,1,1,2,4,6,14,28,58,71,123,187,272,481,985,2122,4614,13498,9365,20694,17889,32557,.,.
GBRTENW,2014,3,short,3,9,6,0,0,0,2,2,4,8,13,33,43,57,100,144,254,534,969,1564,3087,2603,3929,3652,5102,.,.
GBRTENW,2014,3,short,3,10,37,17,4,3,6,6,7,9,18,30,44,71,101,185,275,571,1335,3309,14369,8021,25419,19659,49787,.,.
GBRTENW,2014,3,short,3,11,21,6,3,5,6,4,7,6,9,29,47,97,224,554,1005,2018,3365,5366,9437,8296,11422,11071,12906,.,.
GBRTENW,2014,3,short,3,12,10,4,3,3,3,5,18,55,94,164,249,318,429,537,637,890,1455,2541,5591,4419,7632,7046,10111,.,.
GBRTENW,2014,3,short,3,13,6,1,0,1,4,3,3,3,7,12,14,19,38,60,106,171,341,730,2064,1361,3287,2829,5224,.,.
GBRTENW,2014,3,short,3,14,4,1,1,0,1,2,5,6,7,11,13,18,27,55,92,200,474,1164,3974,2480,6573,5440,11367,.,.
GBRTENW,2014,3,short,3,15,3358,28,11,6,7,6,7,6,9,12,17,32,42,48,48,30,34,45,52,37,77,84,49,.,.
GBRTENW,2014,3,short,3,16,67,31,11,22,127,220,240,265,330,366,362,342,312,294,285,413,652,1232,3392,2351,5205,4312,8982,.,.
GBRTENW,2015,3,short,3,0,3913,159,78,93,247,358,439,608,915,1373,2050,3098,4806,7793,11839,19550,33793,61734,154049,112098,226737,198122,336955,.,.
GBRTENW,2015,3,short,3,1,61,19,4,3,4,2,6,15,12,28,33,46,61,80,114,193,366,662,1661,1246,2379,2193,3094,.,.
GBRTENW,2015,3,short,3,2,28,22,22,21,35,39,68,113,219,356,673,1212,2141,3641,5578,8353,12121,17182,24841,22823,28338,27983,29706,.,.
GBRTENW,2015,3,short,3,3,18,3,2,2,1,2,3,2,3,7,6,10,13,27,26,47,70,104,275,194,415,328,749,.,.
GBRTENW,2015,3,short,3,4,65,11,5,6,13,14,15,16,27,32,50,56,75,114,167,249,483,905,2116,1566,3069,2718,4421,.,.
GBRTENW,2015,3,short,3,5,0,0,1,1,0,2,5,11,14,19,20,24,31,51,151,519,1869,6009,26055,16056,43381,36599,69504,.,.
GBRTENW,2015,3,short,3,6,125,22,8,12,25,25,25,25,34,44,70,100,159,248,422,852,1856,4103,9751,7462,13717,12723,17545,.,.
GBRTENW,2015,3,short,3,7,46,7,1,4,8,14,25,46,79,171,320,526,838,1368,2006,3387,5904,11142,29714,21252,44375,38568,66742,.,.
GBRTENW,2015,3,short,3,8,4,1,1,2,4,5,7,13,23,41,74,116,187,295,479,973,2186,4628,13531,9342,20789,17781,32374,.,.
GBRTENW,2015,3,short,3,9,0,0,0,0,1,5,4,8,15,31,42,62,80,160,273,507,893,1560,3025,2502,3930,3613,5154,.,.
GBRTENW,2015,3,short,3,10,45,15,5,6,6,7,10,10,22,35,56,85,123,219,327,640,1460,3664,16885,9321,29990,22960,57069,.,.
GBRTENW,2015,3,short,3,11,19,5,3,4,4,4,5,9,12,25,52,124,237,573,1078,2056,3571,5852,10563,9107,13086,12358,15888,.,.
GBRTENW,2015,3,short,3,12,21,4,3,2,4,5,14,45,106,177,255,341,443,548,661,929,1412,2595,5670,4451,7783,7228,9920,.,.
GBRTENW,2015,3,short,3,13,4,1,1,1,1,2,2,3,6,11,14,23,40,64,113,196,376,750,2116,1537,3119,2663,4876,.,.
GBRTENW,2015,3,short,3,14,4,2,1,1,1,2,4,4,3,9,12,19,31,54,106,229,497,1200,4111,2597,6735,5485,11551,.,.
GBRTENW,2015,3,short,3,15,3379,22,10,7,7,8,7,7,8,10,16,25,34,45,47,33,33,31,41,40,44,44,44,.,.
GBRTENW,2015,3,short,3,16,92,23,11,22,134,221,239,279,333,374,356,328,313,306,292,386,696,1348,3694,2602,5587,4878,8319,.,.
GBRTENW,2016,3,short,3,0,3887,155,67,89,230,380,462,652,887,1422,2088,3112,4883,7767,12040,19223,33498,59135,147777,108051,216592,188201,314622,.,.
GBRTENW,2016,3,short,3,1,48,12,3,4,5,4,5,10,16,25,30,44,64,88,115,186,346,629,1650,1233,2374,2160,3111,.,.
GBRTENW,2016,3,short,3,2,16,23,17,23,34,42,68,130,207,365,675,1234,2158,3570,5639,8224,12291,16846,24739,22593,28457,28024,29952,.,.
GBRTENW,2016,3,short,3,3,10,4,1,1,2,3,3,3,4,4,6,10,14,22,25,41,58,98,249,162,399,338,610,.,.
GBRTENW,2016,3,short,3,4,62,12,5,6,10,15,17,17,25,33,54,64,92,121,172,264,470,887,2117,1543,3109,2641,4727,.,.
GBRTENW,2016,3,short,3,5,0,1,1,0,1,3,8,12,15,19,23,23,34,62,168,557,1850,5720,25575,15780,42544,35442,67064,.,.
GBRTENW,2016,3,short,3,6,83,16,7,12,16,24,27,23,30,52,74,102,161,266,466,899,1971,4070,10579,8122,14836,13406,19772,.,.
GBRTENW,2016,3,short,3,7,42,8,4,3,10,18,22,47,80,176,308,500,829,1350,2027,3198,5636,10617,28279,20263,42164,36151,62926,.,.
GBRTENW,2016,3,short,3,8,15,1,2,3,2,4,8,13,22,46,80,121,179,295,476,957,2018,4226,12109,8439,18466,15956,27132,.,.
GBRTENW,2016,3,short,3,9,1,1,0,1,1,3,6,12,17,32,48,61,95,160,261,477,874,1453,2884,2322,3857,3652,4567,.,.
GBRTENW,2016,3,short,3,10,52,14,6,4,5,10,11,17,22,46,65,90,132,218,375,631,1411,3335,14514,8137,25561,19506,46470,.,.
GBRTENW,2016,3,short,3,11,18,5,2,4,5,4,7,9,14,36,56,116,280,592,1083,2083,3599,5585,9754,8436,12036,11407,14209,.,.
GBRTENW,2016,3,short,3,12,15,3,1,3,3,5,18,53,89,170,267,338,440,556,682,884,1424,2488,5591,4407,7642,6873,10299,.,.
GBRTENW,2016,3,short,3,13,3,1,1,2,1,1,1,4,5,11,12,22,36,63,112,188,368,683,2086,1530,3049,2659,4396,.,.
GBRTENW,2016,3,short,3,14,1,1,1,1,1,2,4,5,10,8,10,16,32,61,106,219,472,1118,3980,2456,6619,5349,11005,.,.
GBRTENW,2016,3,short,3,15,3454,30,8,3,10,7,10,9,9,12,16,26,38,44,35,34,37,40,62,65,56,58,50,.,.
GBRTENW,2016,3,short,3,16,65,23,9,22,124,234,249,290,322,387,365,344,299,300,299,381,674,1340,3610,2564,5422,4579,8333,.,.
