country,year,sex,list,agf,cause,SDR1976,SDR2013,SDR1976_0_14,SDR1976_15_39,SDR1976_40_64,SDR1976_65p,SDR2013_0_14,SDR2013_15_39,SDR2013_40_64,SDR2013_65p
CZE,1994,1,short,1,0,13622,23315,936,1431,11749,83230,844,1470,12250,95488
CZE,1994,1,short,1,1,43,64,13,12,49,183,12,12,51,212
CZE,1994,1,short,1,2,3530,5533,69,185,4216,19098,68,194,4412,20428
CZE,1994,1,short,1,3,11,17,9,3,8,53,8,3,8,61
CZE,1994,1,short,1,4,129,214,17,7,106,803,15,7,111,882
CZE,1994,1,short,1,5,11,13,0,4,25,16,0,4,25,14
CZE,1994,1,short,1,6,107,145,52,37,127,376,49,38,130,422
CZE,1994,1,short,1,7,4211,7433,15,121,3484,27729,14,129,3665,31605
CZE,1994,1,short,1,8,1919,3798,4,31,841,14894,3,32,894,17889
CZE,1994,1,short,1,9,1092,2227,1,18,434,8601,1,19,460,10599
CZE,1994,1,short,1,10,280,553,22,19,125,2077,20,19,129,2567
CZE,1994,1,short,1,11,330,592,4,12,230,2290,4,12,243,2595
CZE,1994,1,short,1,12,552,826,7,77,801,2425,6,83,814,2697
CZE,1994,1,short,1,13,5,9,0,0,8,26,0,0,9,30
CZE,1994,1,short,1,14,201,384,2,5,113,1478,2,6,117,1760
CZE,1994,1,short,1,15,118,75,516,10,3,0,445,9,3,0
CZE,1994,1,short,1,16,1085,1433,206,891,1180,3183,198,901,1180,3726
CZE,1995,1,short,3,0,13821,24019,899,1400,11434,86125,808,1441,11927,99733
CZE,1995,1,short,3,1,26,41,6,9,22,135,5,9,22,150
CZE,1995,1,short,3,2,3472,5498,65,149,3986,19363,64,156,4175,20723
CZE,1995,1,short,3,3,9,14,5,2,8,45,4,2,8,52
CZE,1995,1,short,3,4,94,162,4,8,74,608,4,8,78,683
CZE,1995,1,short,3,5,8,10,0,4,14,16,0,4,14,18
CZE,1995,1,short,3,6,114,161,46,38,130,447,43,38,133,501
CZE,1995,1,short,3,7,4332,7774,8,116,3376,29175,8,125,3559,33547
CZE,1995,1,short,3,8,1856,3696,13,31,803,14409,12,33,851,17428
CZE,1995,1,short,3,9,1296,2713,0,18,459,10390,0,19,485,13046
CZE,1995,1,short,3,10,377,738,41,20,183,2744,36,21,191,3394
CZE,1995,1,short,3,11,288,522,8,14,202,1973,8,14,214,2279
CZE,1995,1,short,3,12,549,804,14,80,842,2255,13,86,857,2501
CZE,1995,1,short,3,13,7,11,0,3,9,28,0,3,9,34
CZE,1995,1,short,3,14,184,338,9,5,137,1240,8,6,142,1476
CZE,1995,1,short,3,15,118,75,524,5,3,0,452,5,3,0
CZE,1995,1,short,3,16,1091,1464,156,899,1185,3297,151,910,1186,3899
CZE,1996,1,short,3,0,13161,22802,703,1298,11274,81313,638,1336,11764,94075
CZE,1996,1,short,3,1,34,48,18,8,41,128,16,9,43,144
CZE,1996,1,short,3,2,3435,5446,59,157,3989,19008,58,165,4188,20424
CZE,1996,1,short,3,3,11,17,6,3,8,53,5,3,9,62
CZE,1996,1,short,3,4,76,124,7,5,65,469,6,5,68,504
CZE,1996,1,short,3,5,8,9,0,1,18,15,0,1,17,15
CZE,1996,1,short,3,6,119,165,49,43,140,436,47,45,142,494
CZE,1996,1,short,3,7,4016,7120,15,118,3286,26549,13,126,3458,30360
CZE,1996,1,short,3,8,1747,3513,2,22,740,13657,2,23,787,16624
CZE,1996,1,short,3,9,1285,2650,0,11,507,10174,0,12,537,12649
CZE,1996,1,short,3,10,393,780,21,24,193,2900,19,25,198,3606
CZE,1996,1,short,3,11,214,373,6,10,173,1395,5,10,182,1577
CZE,1996,1,short,3,12,521,758,7,76,819,2099,6,83,832,2319
CZE,1996,1,short,3,13,5,9,0,1,4,32,0,1,4,39
CZE,1996,1,short,3,14,173,313,1,9,137,1141,1,9,143,1345
CZE,1996,1,short,3,15,87,55,389,3,1,0,336,3,1,0
CZE,1996,1,short,3,16,1038,1423,126,808,1153,3257,124,817,1156,3912
CZE,1997,1,short,3,0,13059,22677,722,1288,11097,80894,652,1322,11568,93781
CZE,1997,1,short,3,1,28,41,11,6,31,125,10,6,31,137
CZE,1997,1,short,3,2,3368,5328,42,141,3880,18797,42,148,4065,20069
CZE,1997,1,short,3,3,11,17,4,5,6,58,4,5,6,66
CZE,1997,1,short,3,4,100,166,6,9,80,630,5,10,84,687
CZE,1997,1,short,3,5,7,9,0,3,13,17,0,3,13,17
CZE,1997,1,short,3,6,123,173,53,44,135,478,51,45,138,536
CZE,1997,1,short,3,7,3799,6808,8,85,3047,25389,8,90,3206,29256
CZE,1997,1,short,3,8,1565,3150,1,22,674,12193,1,23,715,14886
CZE,1997,1,short,3,9,1724,3554,0,17,677,13654,0,18,719,16963
CZE,1997,1,short,3,10,312,602,25,21,175,2211,23,22,181,2723
CZE,1997,1,short,3,11,239,418,11,9,192,1561,10,9,203,1773
CZE,1997,1,short,3,12,487,696,2,81,802,1834,1,89,814,2029
CZE,1997,1,short,3,13,2,2,2,0,4,4,2,0,4,3
CZE,1997,1,short,3,14,146,272,0,9,102,1000,0,10,107,1196
CZE,1997,1,short,3,15,92,59,408,5,2,2,353,4,2,1
CZE,1997,1,short,3,16,1055,1382,148,831,1277,2939,143,839,1279,3439
CZE,1998,1,short,3,0,12523,21867,649,1179,10412,78507,588,1210,10847,91100
CZE,1998,1,short,3,1,34,52,9,7,33,167,9,7,34,190
CZE,1998,1,short,3,2,3356,5403,48,133,3696,19242,48,139,3869,20802
CZE,1998,1,short,3,3,10,15,0,4,7,56,0,4,7,58
CZE,1998,1,short,3,4,147,249,7,5,138,908,6,5,147,1010
CZE,1998,1,short,3,5,11,12,0,4,24,12,0,5,24,10
CZE,1998,1,short,3,6,119,171,43,42,123,505,40,43,125,563
CZE,1998,1,short,3,7,3561,6362,9,95,2823,23843,9,101,2970,27357
CZE,1998,1,short,3,8,1617,3259,8,17,654,12728,7,19,694,15486
CZE,1998,1,short,3,9,1410,2976,0,13,468,11414,0,14,494,14390
CZE,1998,1,short,3,10,257,487,22,23,163,1749,20,24,168,2155
CZE,1998,1,short,3,11,285,506,9,11,209,1929,8,11,222,2191
CZE,1998,1,short,3,12,516,740,11,63,842,2016,11,68,857,2207
CZE,1998,1,short,3,13,2,3,0,2,2,7,0,2,2,7
CZE,1998,1,short,3,14,158,297,0,6,110,1095,0,6,115,1317
CZE,1998,1,short,3,15,83,53,365,4,4,2,315,4,4,2
CZE,1998,1,short,3,16,958,1282,118,750,1117,2833,116,759,1115,3355
CZE,1999,1,short,3,0,12325,21593,575,1196,10292,77148,524,1226,10745,89896
CZE,1999,1,short,3,1,34,51,5,7,47,140,4,7,46,167
CZE,1999,1,short,3,2,3282,5247,48,151,3709,18469,47,159,3897,19923
CZE,1999,1,short,3,3,9,13,3,3,6,45,3,3,6,50
CZE,1999,1,short,3,4,108,188,6,6,79,726,5,6,83,805
CZE,1999,1,short,3,5,11,13,0,6,20,21,0,6,20,20
CZE,1999,1,short,3,6,129,194,40,38,117,633,37,39,121,697
CZE,1999,1,short,3,7,3524,6328,6,90,2767,23694,6,95,2912,27290
CZE,1999,1,short,3,8,1635,3327,4,18,642,12934,4,19,683,15852
CZE,1999,1,short,3,9,1313,2782,1,13,427,10652,1,14,455,13463
CZE,1999,1,short,3,10,302,593,29,19,164,2153,26,20,171,2697
CZE,1999,1,short,3,11,284,505,5,13,216,1901,4,13,230,2168
CZE,1999,1,short,3,12,518,755,3,56,858,2030,3,61,874,2272
CZE,1999,1,short,3,13,2,3,0,0,4,9,0,0,4,10
CZE,1999,1,short,3,14,160,297,0,7,118,1088,0,8,122,1303
CZE,1999,1,short,3,15,68,43,303,3,1,0,261,3,1,0
CZE,1999,1,short,3,16,945,1254,122,767,1116,2655,122,773,1118,3179
CZE,2000,1,short,3,0,12124,21269,565,1149,10043,76212,516,1178,10468,88795
CZE,2000,1,short,3,1,31,47,5,4,46,128,4,4,47,148
CZE,2000,1,short,3,2,3337,5384,46,125,3669,19175,46,130,3852,20746
CZE,2000,1,short,3,3,9,13,4,3,8,38,4,3,8,43
CZE,2000,1,short,3,4,131,223,11,8,107,834,10,8,113,929
CZE,2000,1,short,3,5,16,19,0,5,32,37,0,6,32,33
CZE,2000,1,short,3,6,144,218,36,44,153,652,35,44,157,752
CZE,2000,1,short,3,7,3304,5962,7,84,2562,22305,7,89,2692,25804
CZE,2000,1,short,3,8,1682,3451,3,21,608,13450,2,22,646,16552
CZE,2000,1,short,3,9,1177,2482,0,9,390,9540,0,10,411,12009
CZE,2000,1,short,3,10,306,596,21,20,180,2154,19,21,186,2688
CZE,2000,1,short,3,11,304,544,5,11,223,2070,4,11,237,2360
CZE,2000,1,short,3,12,500,729,6,46,811,2024,5,50,826,2233
CZE,2000,1,short,3,13,5,7,1,1,7,20,1,1,7,22
CZE,2000,1,short,3,14,150,285,2,3,97,1066,1,3,101,1283
CZE,2000,1,short,3,15,64,41,286,2,1,0,247,2,1,0
CZE,2000,1,short,3,16,963,1269,132,764,1149,2719,130,774,1150,3193
CZE,2001,1,short,3,0,11689,20563,525,1114,9596,73749,475,1141,9994,86077
CZE,2001,1,short,3,1,31,47,3,7,35,146,3,7,37,164
CZE,2001,1,short,3,2,3210,5197,37,114,3481,18618,37,120,3657,20150
CZE,2001,1,short,3,3,7,12,3,2,4,42,3,2,4,47
CZE,2001,1,short,3,4,109,190,10,6,72,744,9,6,76,826
CZE,2001,1,short,3,5,16,18,0,6,32,31,0,7,32,29
CZE,2001,1,short,3,6,166,259,43,41,155,837,40,41,158,957
CZE,2001,1,short,3,7,3201,5838,5,84,2392,21865,5,90,2511,25480
CZE,2001,1,short,3,8,1557,3215,2,17,559,12473,1,18,594,15437
CZE,2001,1,short,3,9,1158,2418,2,13,416,9271,1,14,441,11621
CZE,2001,1,short,3,10,286,563,28,22,150,2034,26,23,155,2563
CZE,2001,1,short,3,11,295,525,5,11,218,2006,4,11,233,2271
CZE,2001,1,short,3,12,515,747,2,49,839,2080,1,53,855,2275
CZE,2001,1,short,3,13,4,7,0,1,5,24,0,1,5,27
CZE,2001,1,short,3,14,145,270,0,9,93,1023,0,9,97,1205
CZE,2001,1,short,3,15,69,44,304,5,2,0,264,4,2,0
CZE,2001,1,short,3,16,919,1213,81,728,1143,2556,81,735,1140,3026
CZE,2002,1,short,3,0,11635,20513,543,1099,9512,73516,492,1127,9914,85971
CZE,2002,1,short,3,1,31,48,8,6,33,155,7,5,34,171
CZE,2002,1,short,3,2,3255,5316,39,126,3396,19232,39,133,3574,20877
CZE,2002,1,short,3,3,8,13,2,3,5,47,1,3,5,51
CZE,2002,1,short,3,4,115,200,9,7,94,734,8,8,98,840
CZE,2002,1,short,3,5,17,19,0,3,45,17,0,3,45,14
CZE,2002,1,short,3,6,187,292,55,47,173,934,51,48,178,1072
CZE,2002,1,short,3,7,3121,5727,12,77,2339,21299,11,83,2458,25005
CZE,2002,1,short,3,8,1505,3078,3,16,549,12028,3,17,581,14760
CZE,2002,1,short,3,9,1176,2464,0,10,437,9393,0,11,461,11825
CZE,2002,1,short,3,10,279,549,19,17,154,1995,17,18,160,2502
CZE,2002,1,short,3,11,293,518,8,12,217,1980,8,12,230,2236
CZE,2002,1,short,3,12,508,742,3,49,831,2040,3,53,848,2262
CZE,2002,1,short,3,13,3,4,0,1,4,10,0,1,5,11
CZE,2002,1,short,3,14,138,260,1,6,98,953,1,7,102,1145
CZE,2002,1,short,3,15,66,44,290,4,0,10,250,3,0,14
CZE,2002,1,short,3,16,931,1241,95,714,1137,2688,94,722,1135,3188
CZE,2003,1,short,3,0,11821,20970,510,1124,9486,75267,464,1156,9886,88337
CZE,2003,1,short,3,1,35,57,5,5,35,190,4,6,37,219
CZE,2003,1,short,3,2,3231,5281,38,111,3366,19150,36,116,3543,20784
CZE,2003,1,short,3,3,10,17,6,1,5,64,5,1,5,74
CZE,2003,1,short,3,4,128,227,4,7,96,862,3,7,101,977
CZE,2003,1,short,3,5,25,28,0,6,63,29,0,6,63,27
CZE,2003,1,short,3,6,199,314,48,49,180,1036,46,50,183,1179
CZE,2003,1,short,3,7,3087,5723,12,76,2218,21349,11,81,2332,25205
CZE,2003,1,short,3,8,1527,3155,1,20,527,12283,1,21,561,15181
CZE,2003,1,short,3,9,1253,2623,1,13,472,9981,1,14,499,12572
CZE,2003,1,short,3,10,318,620,21,21,182,2249,18,21,187,2812
CZE,2003,1,short,3,11,301,540,5,9,203,2107,5,9,214,2384
CZE,2003,1,short,3,12,513,742,9,46,855,2016,8,50,872,2219
CZE,2003,1,short,3,13,3,4,0,1,5,12,0,1,5,12
CZE,2003,1,short,3,14,143,265,0,7,97,993,0,7,101,1173
CZE,2003,1,short,3,15,61,39,269,3,1,0,233,3,1,0
CZE,2003,1,short,3,16,986,1333,92,752,1181,2946,91,764,1182,3518
CZE,2004,1,short,3,0,11217,19831,475,1080,9157,70950,430,1109,9546,83179
CZE,2004,1,short,3,1,36,55,13,7,33,182,12,8,34,203
CZE,2004,1,short,3,2,3177,5208,36,109,3295,18872,36,115,3471,20532
CZE,2004,1,short,3,3,5,8,1,3,3,23,1,3,4,27
CZE,2004,1,short,3,4,119,207,7,7,98,757,7,8,103,869
CZE,2004,1,short,3,5,27,31,0,7,59,49,0,7,60,46
CZE,2004,1,short,3,6,189,309,51,31,167,1030,48,32,171,1201
CZE,2004,1,short,3,7,2901,5349,7,85,2139,19864,7,91,2245,23423
CZE,2004,1,short,3,8,1314,2702,4,13,469,10527,4,14,499,12975
CZE,2004,1,short,3,9,1249,2608,1,13,471,9938,1,13,498,12496
CZE,2004,1,short,3,10,291,574,11,14,165,2101,10,15,169,2622
CZE,2004,1,short,3,11,284,507,7,7,216,1917,6,7,228,2189
CZE,2004,1,short,3,12,512,749,13,56,810,2096,12,60,828,2315
CZE,2004,1,short,3,13,3,5,0,1,5,13,0,1,5,15
CZE,2004,1,short,3,14,151,287,4,2,97,1077,4,2,101,1291
CZE,2004,1,short,3,15,55,35,243,3,1,2,210,3,1,2
CZE,2004,1,short,3,16,906,1196,75,722,1130,2502,72,731,1129,2972
CZE,2005,1,short,3,0,10957,19435,454,1038,8893,69529,412,1066,9279,81695
CZE,2005,1,short,3,1,38,60,4,2,48,190,4,2,49,216
CZE,2005,1,short,3,2,2996,4917,24,102,3117,17800,24,107,3289,19377
CZE,2005,1,short,3,3,8,13,3,1,5,49,3,1,5,56
CZE,2005,1,short,3,4,126,219,15,7,100,806,14,7,105,919
CZE,2005,1,short,3,5,40,47,0,9,93,65,0,10,95,60
CZE,2005,1,short,3,6,192,315,49,42,161,1045,48,43,165,1226
CZE,2005,1,short,3,7,3074,5795,1,78,2073,21670,1,83,2178,25845
CZE,2005,1,short,3,8,1292,2677,1,15,451,10386,1,16,479,12877
CZE,2005,1,short,3,9,918,1888,0,9,396,7164,0,10,418,8948
CZE,2005,1,short,3,10,335,658,17,21,181,2414,16,22,189,3001
CZE,2005,1,short,3,11,343,631,1,8,215,2469,1,8,227,2832
CZE,2005,1,short,3,12,533,782,5,57,867,2131,5,62,889,2378
CZE,2005,1,short,3,13,4,7,0,0,4,23,0,0,4,28
CZE,2005,1,short,3,14,151,298,0,4,75,1138,0,5,79,1387
CZE,2005,1,short,3,15,58,37,258,3,2,0,222,3,2,0
CZE,2005,1,short,3,16,848,1092,75,680,1106,2179,74,688,1106,2545
CZE,2006,1,short,3,0,10474,18602,471,943,8574,66333,430,968,8952,78125
CZE,2006,1,short,3,1,44,73,4,5,40,255,4,5,41,292
CZE,2006,1,short,3,2,2892,4732,42,100,3029,17078,41,105,3195,18576
CZE,2006,1,short,3,3,9,17,0,2,5,62,0,2,5,73
CZE,2006,1,short,3,4,128,225,9,8,93,854,8,8,98,966
CZE,2006,1,short,3,5,25,30,0,5,58,47,0,5,59,42
CZE,2006,1,short,3,6,179,301,35,38,139,1032,33,38,142,1213
CZE,2006,1,short,3,7,3097,5904,14,69,2051,21939,14,74,2156,26444
CZE,2006,1,short,3,8,1188,2457,6,14,422,9516,5,15,446,11807
CZE,2006,1,short,3,9,738,1483,0,9,382,5568,0,10,404,6896
CZE,2006,1,short,3,10,341,692,20,20,155,2547,19,21,160,3222
CZE,2006,1,short,3,11,294,536,0,11,218,2004,0,11,232,2331
CZE,2006,1,short,3,12,508,739,8,50,819,2058,7,54,841,2252
CZE,2006,1,short,3,13,5,6,0,2,10,11,0,1,11,12
CZE,2006,1,short,3,14,168,329,1,4,92,1239,1,4,97,1514
CZE,2006,1,short,3,15,57,37,252,3,2,0,219,3,2,0
CZE,2006,1,short,3,16,802,1041,79,603,1061,2124,79,610,1061,2483
CZE,2007,1,short,3,0,10182,17994,442,1028,8373,64053,400,1055,8756,75230
CZE,2007,1,short,3,1,60,101,12,7,55,343,11,7,56,400
CZE,2007,1,short,3,2,2809,4591,36,96,2935,16622,35,101,3103,18023
CZE,2007,1,short,3,3,9,15,3,1,6,51,2,1,6,62
CZE,2007,1,short,3,4,219,403,11,10,146,1514,10,10,155,1775
CZE,2007,1,short,3,5,24,28,0,4,50,57,0,4,50,52
CZE,2007,1,short,3,6,114,179,25,37,102,570,25,37,104,660
CZE,2007,1,short,3,7,3270,6291,0,64,2077,23485,0,70,2190,28385
CZE,2007,1,short,3,8,973,1997,1,11,390,7674,1,12,416,9508
CZE,2007,1,short,3,9,570,1142,0,14,297,4275,0,15,314,5295
CZE,2007,1,short,3,10,310,611,16,18,178,2204,15,19,185,2774
CZE,2007,1,short,3,11,317,579,4,13,216,2208,4,14,230,2547
CZE,2007,1,short,3,12,505,735,7,60,803,2054,6,65,823,2249
CZE,2007,1,short,3,13,8,14,0,1,6,55,0,1,6,60
CZE,2007,1,short,3,14,116,229,0,3,63,864,0,3,67,1057
CZE,2007,1,short,3,15,60,40,244,14,6,0,212,13,6,0
CZE,2007,1,short,3,16,817,1038,82,676,1043,2077,78,682,1044,2380
CZE,2008,1,short,3,0,10031,17787,388,958,8297,63231,354,980,8672,74467
CZE,2008,1,short,3,1,86,151,2,9,77,530,1,9,80,619
CZE,2008,1,short,3,2,2775,4549,30,105,2859,16516,30,109,3025,17930
CZE,2008,1,short,3,3,10,16,3,3,7,55,3,3,7,62
CZE,2008,1,short,3,4,183,332,9,8,132,1240,9,8,140,1443
CZE,2008,1,short,3,5,28,34,0,3,60,66,0,4,61,66
CZE,2008,1,short,3,6,117,193,31,32,88,644,31,32,90,756
CZE,2008,1,short,3,7,3219,6218,0,64,2031,23154,0,69,2140,28101
CZE,2008,1,short,3,8,931,1914,0,11,374,7344,0,12,396,9114
CZE,2008,1,short,3,9,562,1127,0,8,291,4238,0,9,308,5238
CZE,2008,1,short,3,10,312,621,14,19,175,2241,13,20,181,2829
CZE,2008,1,short,3,11,310,570,5,10,206,2183,4,10,219,2526
CZE,2008,1,short,3,12,499,712,4,50,861,1864,3,54,882,2047
CZE,2008,1,short,3,13,12,20,0,1,10,76,0,1,10,86
CZE,2008,1,short,3,14,118,234,0,7,58,880,0,7,62,1085
CZE,2008,1,short,3,15,57,37,237,11,4,0,206,10,4,0
CZE,2008,1,short,3,16,810,1059,54,617,1063,2201,54,624,1065,2563
CZE,2009,1,short,3,0,9984,17809,373,909,8058,63688,342,935,8425,75088
CZE,2009,1,short,3,1,97,168,9,9,84,591,8,9,88,689
CZE,2009,1,short,3,2,2749,4515,33,99,2768,16557,33,104,2925,17937
CZE,2009,1,short,3,3,12,20,1,2,10,72,1,2,11,81
CZE,2009,1,short,3,4,176,319,12,8,130,1178,11,8,136,1381
CZE,2009,1,short,3,5,21,25,0,4,51,31,0,4,52,31
CZE,2009,1,short,3,6,95,149,25,30,84,477,24,30,85,552
CZE,2009,1,short,3,7,3133,6078,0,54,1946,22647,0,58,2051,27553
CZE,2009,1,short,3,8,969,2010,0,11,370,7700,0,12,394,9612
CZE,2009,1,short,3,9,608,1229,0,8,279,4687,0,9,295,5779
CZE,2009,1,short,3,10,351,690,16,29,197,2496,15,31,205,3125
CZE,2009,1,short,3,11,321,579,7,13,231,2198,6,13,245,2520
CZE,2009,1,short,3,12,490,721,10,51,771,2025,9,55,794,2237
CZE,2009,1,short,3,13,9,16,0,1,7,61,0,1,7,69
CZE,2009,1,short,3,14,108,212,1,3,57,805,1,3,59,977
CZE,2009,1,short,3,15,47,31,193,11,3,0,167,11,3,0
CZE,2009,1,short,3,16,797,1048,67,575,1071,2163,68,585,1075,2545
CZE,2010,1,short,3,0,9693,17238,344,898,7929,61503,313,921,8298,72422
CZE,2010,1,short,3,1,83,147,6,10,64,525,6,11,67,618
CZE,2010,1,short,3,2,2706,4449,35,87,2710,16374,35,90,2874,17705
CZE,2010,1,short,3,3,11,18,4,2,8,59,3,2,9,73
CZE,2010,1,short,3,4,170,299,5,14,129,1114,5,14,134,1281
CZE,2010,1,short,3,5,25,35,0,3,48,81,0,4,49,89
CZE,2010,1,short,3,6,90,143,20,26,77,468,21,26,79,540
CZE,2010,1,short,3,7,3027,5862,4,60,1890,21818,3,65,1992,26535
CZE,2010,1,short,3,8,851,1745,0,11,356,6667,0,12,378,8279
CZE,2010,1,short,3,9,679,1393,0,9,315,5230,0,9,333,6558
CZE,2010,1,short,3,10,350,682,19,28,198,2475,18,29,206,3083
CZE,2010,1,short,3,11,273,491,3,10,200,1863,2,11,213,2133
CZE,2010,1,short,3,12,466,674,7,46,772,1833,6,50,796,2005
CZE,2010,1,short,3,13,12,22,0,0,12,77,0,0,12,90
CZE,2010,1,short,3,14,118,232,1,3,67,870,1,3,71,1062
CZE,2010,1,short,3,15,48,32,187,14,5,0,162,14,5,0
CZE,2010,1,short,3,16,783,1013,53,575,1078,2050,51,582,1082,2370
CZE,2011,1,short,3,0,9466,16841,339,879,7664,60284,305,901,8021,70901
CZE,2011,1,short,3,1,111,192,11,8,102,660,10,9,107,777
CZE,2011,1,short,3,2,2531,4175,23,81,2545,15302,22,85,2695,16628
CZE,2011,1,short,3,3,10,18,0,2,6,69,0,2,6,79
CZE,2011,1,short,3,4,207,374,6,11,145,1411,6,11,153,1631
CZE,2011,1,short,3,5,78,149,1,4,59,524,1,4,60,655
CZE,2011,1,short,3,6,175,302,26,41,124,1048,25,41,127,1246
CZE,2011,1,short,3,7,3223,6241,11,71,1981,23290,10,75,2095,28278
CZE,2011,1,short,3,8,784,1599,1,13,317,6163,1,13,334,7604
CZE,2011,1,short,3,9,388,761,0,8,214,2880,0,9,224,3504
CZE,2011,1,short,3,10,258,510,10,17,151,1836,10,18,156,2312
CZE,2011,1,short,3,11,330,604,2,11,227,2303,2,12,242,2660
CZE,2011,1,short,3,12,442,649,8,48,695,1830,7,52,714,2016
CZE,2011,1,short,3,13,20,36,0,0,20,127,0,1,20,149
CZE,2011,1,short,3,14,101,205,1,4,48,767,1,4,50,960
CZE,2011,1,short,3,15,50,35,194,6,14,7,167,6,14,8
CZE,2011,1,short,3,16,757,990,45,553,1019,2067,43,560,1024,2393
CZE,2012,1,short,3,0,9297,16613,342,854,7338,59772,311,878,7690,70333
CZE,2012,1,short,3,1,132,236,15,12,96,852,13,13,101,1007
CZE,2012,1,short,3,2,2473,4085,28,89,2433,15062,28,93,2581,16344
CZE,2012,1,short,3,3,12,21,4,1,7,78,4,1,8,89
CZE,2012,1,short,3,4,211,381,9,11,149,1436,9,11,157,1660
CZE,2012,1,short,3,5,77,150,0,5,53,532,0,6,54,667
CZE,2012,1,short,3,6,207,368,29,50,127,1292,28,49,131,1560
CZE,2012,1,short,3,7,3148,6127,8,60,1867,22975,7,64,1972,27926
CZE,2012,1,short,3,8,777,1591,0,16,308,6117,0,17,326,7571
CZE,2012,1,short,3,9,363,715,0,9,205,2677,0,9,214,3286
CZE,2012,1,short,3,10,241,481,15,13,131,1740,14,14,137,2197
CZE,2012,1,short,3,11,312,575,1,5,205,2222,1,5,219,2562
CZE,2012,1,short,3,12,422,614,8,37,676,1738,7,40,699,1880
CZE,2012,1,short,3,13,27,47,0,2,24,166,0,2,25,194
CZE,2012,1,short,3,14,113,222,1,3,59,838,1,4,62,1023
CZE,2012,1,short,3,15,47,34,182,5,13,12,158,5,13,12
CZE,2012,1,short,3,16,735,967,43,536,984,2032,42,545,990,2355
CZE,2013,1,short,3,0,9209,16537,324,855,7034,59881,294,874,7379,70501
CZE,2013,1,short,3,1,118,225,8,8,72,824,7,8,75,1004
CZE,2013,1,short,3,2,2407,3986,21,86,2305,14864,22,90,2448,16073
CZE,2013,1,short,3,3,17,29,3,2,16,96,2,2,17,116
CZE,2013,1,short,3,4,315,598,4,13,168,2320,4,14,179,2734
CZE,2013,1,short,3,5,85,170,0,6,48,615,0,6,50,776
CZE,2013,1,short,3,6,199,354,24,38,142,1231,22,38,145,1488
CZE,2013,1,short,3,7,3113,6098,8,60,1801,22854,7,64,1906,27890
CZE,2013,1,short,3,8,740,1513,1,16,287,5839,1,17,303,7208
CZE,2013,1,short,3,9,264,509,0,9,161,1900,0,10,170,2302
CZE,2013,1,short,3,10,252,482,24,27,155,1707,23,28,161,2131
CZE,2013,1,short,3,11,397,738,2,6,221,2940,2,6,237,3369
CZE,2013,1,short,3,12,437,646,4,43,685,1833,3,46,709,2022
CZE,2013,1,short,3,13,21,40,0,2,13,149,0,2,14,176
CZE,2013,1,short,3,14,93,188,0,4,39,716,0,4,41,889
CZE,2013,1,short,3,15,49,37,173,11,14,24,150,11,15,26
CZE,2013,1,short,3,16,701,925,51,524,907,1969,50,529,911,2299
CZE,2014,1,short,3,0,8763,15749,308,788,6685,57092,280,806,7009,67215
CZE,2014,1,short,3,1,137,258,3,7,85,972,2,8,90,1157
CZE,2014,1,short,3,2,2369,3950,25,87,2210,14783,25,91,2344,16060
CZE,2014,1,short,3,3,14,28,3,1,8,100,2,1,8,124
CZE,2014,1,short,3,4,297,559,9,16,162,2155,8,16,172,2539
CZE,2014,1,short,3,5,88,180,2,5,45,651,2,5,47,830
CZE,2014,1,short,3,6,199,362,15,35,133,1285,15,35,137,1553
CZE,2014,1,short,3,7,2921,5724,12,60,1693,21409,11,63,1791,26167
CZE,2014,1,short,3,8,657,1337,1,15,271,5136,2,16,286,6341
CZE,2014,1,short,3,9,219,414,0,8,142,1557,0,8,149,1851
CZE,2014,1,short,3,10,223,446,8,12,119,1630,7,12,123,2051
CZE,2014,1,short,3,11,354,657,4,7,207,2580,5,7,222,2971
CZE,2014,1,short,3,12,419,619,6,38,637,1819,6,41,658,1972
CZE,2014,1,short,3,13,25,46,0,1,19,167,0,1,20,201
CZE,2014,1,short,3,14,95,196,1,3,37,743,1,3,40,929
CZE,2014,1,short,3,15,50,36,183,7,16,17,158,7,16,17
CZE,2014,1,short,3,16,695,939,35,485,901,2089,34,490,906,2450
CZE,2015,1,short,3,0,8904,16095,318,794,6593,58607,287,817,6922,69110
CZE,2015,1,short,3,1,148,279,7,8,87,1052,6,8,91,1255
CZE,2015,1,short,3,2,2299,3866,28,76,2080,14556,27,80,2211,15877
CZE,2015,1,short,3,3,17,31,1,3,10,110,1,3,10,132
CZE,2015,1,short,3,4,315,609,10,10,158,2351,9,11,167,2812
CZE,2015,1,short,3,5,103,214,0,10,46,777,0,10,47,1002
CZE,2015,1,short,3,6,214,385,25,37,142,1369,23,37,146,1645
CZE,2015,1,short,3,7,2988,5871,8,67,1684,22033,7,70,1784,26926
CZE,2015,1,short,3,8,642,1299,2,13,278,4984,2,14,293,6136
CZE,2015,1,short,3,9,225,423,0,8,155,1568,0,9,164,1872
CZE,2015,1,short,3,10,266,533,13,18,131,1958,12,18,138,2455
CZE,2015,1,short,3,11,395,722,5,8,256,2817,5,8,273,3217
CZE,2015,1,short,3,12,425,632,5,47,628,1879,5,50,649,2044
CZE,2015,1,short,3,13,25,41,0,1,27,142,0,1,28,161
CZE,2015,1,short,3,14,103,212,1,1,41,813,1,1,44,1008
CZE,2015,1,short,3,15,48,36,177,7,13,23,153,7,13,26
CZE,2015,1,short,3,16,690,942,36,481,856,2175,35,488,864,2541
CZE,2016,1,short,3,0,8513,15327,337,755,6329,55901,302,775,6641,65712
CZE,2016,1,short,3,1,154,288,7,10,102,1060,6,10,106,1273
CZE,2016,1,short,3,2,2284,3835,18,84,2023,14569,18,88,2146,15827
CZE,2016,1,short,3,3,15,26,5,1,8,99,5,1,8,111
CZE,2016,1,short,3,4,311,598,5,9,160,2322,5,9,171,2752
CZE,2016,1,short,3,5,96,196,0,5,50,714,0,5,52,907
CZE,2016,1,short,3,6,225,417,17,42,133,1491,16,42,138,1822
CZE,2016,1,short,3,7,2772,5443,5,64,1568,20423,5,68,1657,24956
CZE,2016,1,short,3,8,587,1182,4,12,257,4545,4,13,272,5570
CZE,2016,1,short,3,9,199,376,1,5,133,1404,1,6,140,1676
CZE,2016,1,short,3,10,276,542,12,17,163,1954,11,19,169,2450
CZE,2016,1,short,3,11,352,637,4,10,237,2472,4,10,254,2810
CZE,2016,1,short,3,12,409,609,6,44,609,1798,6,47,630,1961
CZE,2016,1,short,3,13,23,41,0,2,16,156,0,2,17,180
CZE,2016,1,short,3,14,110,225,0,1,43,869,0,1,46,1073
CZE,2016,1,short,3,15,56,41,206,9,15,21,177,9,15,24
CZE,2016,1,short,3,16,643,871,48,438,810,2002,45,444,817,2319
CZE,2017,1,short,3,0,8552,15426,343,788,6347,56083,309,808,6664,66121
CZE,2017,1,short,3,1,143,264,6,7,98,984,6,8,101,1165
CZE,2017,1,short,3,2,2253,3793,25,78,2009,14337,26,81,2139,15629
CZE,2017,1,short,3,3,15,25,1,3,9,94,1,3,10,109
CZE,2017,1,short,3,4,310,596,10,15,168,2264,9,15,178,2719
CZE,2017,1,short,3,5,111,235,0,2,48,859,0,2,51,1112
CZE,2017,1,short,3,6,213,407,13,28,111,1498,13,29,114,1837
CZE,2017,1,short,3,7,2790,5474,16,72,1587,20483,14,76,1678,25056
CZE,2017,1,short,3,8,559,1130,0,8,256,4315,0,9,272,5313
CZE,2017,1,short,3,9,203,380,0,8,137,1417,0,9,142,1691
CZE,2017,1,short,3,10,308,619,20,22,139,2284,18,23,145,2875
CZE,2017,1,short,3,11,361,666,3,8,213,2635,2,8,228,3011
CZE,2017,1,short,3,12,430,624,4,56,656,1812,3,60,676,1943
CZE,2017,1,short,3,13,26,48,0,1,20,178,0,1,21,209
CZE,2017,1,short,3,14,116,239,4,3,41,917,3,4,44,1140
CZE,2017,1,short,3,15,54,38,204,10,12,15,176,10,13,15
CZE,2017,1,short,3,16,660,886,37,467,842,1991,37,472,853,2297
CZE,1994,2,short,1,0,8126,15192,720,528,4875,56569,647,545,5100,67752
CZE,1994,2,short,1,1,24,38,11,6,16,127,10,6,17,151
CZE,1994,2,short,1,2,1905,2995,49,155,2286,10072,48,166,2378,10972
CZE,1994,2,short,1,3,11,16,7,2,10,48,6,2,11,58
CZE,1994,2,short,1,4,113,205,5,6,60,821,4,6,63,929
CZE,1994,2,short,1,5,3,4,0,1,7,5,0,1,8,6
CZE,1994,2,short,1,6,85,126,31,26,86,379,30,26,88,430
CZE,1994,2,short,1,7,2333,4611,13,31,1035,18071,12,33,1103,21692
CZE,1994,2,short,1,8,1487,3118,7,19,394,12297,6,19,419,15232
CZE,1994,2,short,1,9,843,1849,1,8,147,7210,1,8,159,9198
CZE,1994,2,short,1,10,185,379,24,7,62,1430,21,7,65,1802
CZE,1994,2,short,1,11,107,193,1,8,81,708,1,8,86,829
CZE,1994,2,short,1,12,287,498,12,28,248,1774,12,29,255,2059
CZE,1994,2,short,1,13,11,16,1,3,12,53,1,3,12,57
CZE,1994,2,short,1,14,129,229,1,11,89,877,1,11,94,994
CZE,1994,2,short,1,15,92,59,403,8,1,0,348,8,1,0
CZE,1994,2,short,1,16,512,855,154,208,339,2696,145,210,341,3345
CZE,1995,2,short,3,0,8333,15725,686,539,4959,58241,620,557,5179,70348
CZE,1995,2,short,3,1,19,30,7,4,11,110,6,4,11,122
CZE,1995,2,short,3,2,1933,3050,44,154,2280,10359,44,163,2367,11280
CZE,1995,2,short,3,3,13,20,5,2,12,63,5,2,13,74
CZE,1995,2,short,3,4,77,130,4,4,60,498,4,4,64,546
CZE,1995,2,short,3,5,5,6,1,1,10,11,1,1,10,12
CZE,1995,2,short,3,6,98,143,40,32,105,401,39,33,107,464
CZE,1995,2,short,3,7,2431,4826,17,45,1078,18785,16,48,1146,22692
CZE,1995,2,short,3,8,1435,3026,2,18,396,11834,2,19,422,14761
CZE,1995,2,short,3,9,991,2202,3,10,172,8473,3,10,184,10956
CZE,1995,2,short,3,10,254,523,25,17,90,1942,23,17,93,2474
CZE,1995,2,short,3,11,83,149,1,10,58,554,1,11,62,638
CZE,1995,2,short,3,12,269,446,12,33,278,1504,11,35,285,1734
CZE,1995,2,short,3,13,10,15,0,2,11,49,0,2,11,55
CZE,1995,2,short,3,14,118,211,4,7,82,799,4,7,87,917
CZE,1995,2,short,3,15,95,60,425,2,2,1,367,2,2,1
CZE,1995,2,short,3,16,504,889,96,197,313,2856,95,198,316,3622
CZE,1996,2,short,3,0,7847,14854,608,479,4585,55261,543,497,4791,66710
CZE,1996,2,short,3,1,15,23,7,3,11,75,6,4,12,86
CZE,1996,2,short,3,2,1820,2880,34,144,2143,9790,36,152,2223,10677
CZE,1996,2,short,3,3,11,17,1,6,11,51,1,6,11,59
CZE,1996,2,short,3,4,70,124,5,4,44,482,5,4,47,543
CZE,1996,2,short,3,5,4,6,0,1,5,17,0,1,5,20
CZE,1996,2,short,3,6,91,133,63,25,73,409,58,26,76,464
CZE,1996,2,short,3,7,2322,4611,11,33,1001,18070,10,35,1066,21752
CZE,1996,2,short,3,8,1328,2810,3,11,371,10955,2,12,394,13716
CZE,1996,2,short,3,9,964,2143,2,5,163,8269,2,5,175,10680
CZE,1996,2,short,3,10,235,489,13,12,78,1846,12,13,81,2339
CZE,1996,2,short,3,11,76,135,4,8,55,493,4,9,59,577
CZE,1996,2,short,3,12,253,426,3,29,250,1472,3,32,256,1690
CZE,1996,2,short,3,13,5,9,0,1,4,34,0,1,4,37
CZE,1996,2,short,3,14,120,217,0,8,83,824,0,8,87,947
CZE,1996,2,short,3,15,84,54,373,3,2,4,322,3,2,4
CZE,1996,2,short,3,16,449,778,88,186,291,2467,83,187,294,3118
CZE,1997,2,short,3,0,7791,14762,596,509,4581,54694,534,529,4782,66210
CZE,1997,2,short,3,1,15,22,6,6,12,74,5,6,12,78
CZE,1997,2,short,3,2,1831,2900,53,143,2144,9853,50,152,2230,10760
CZE,1997,2,short,3,3,10,16,4,1,9,53,4,1,10,62
CZE,1997,2,short,3,4,80,143,3,4,52,558,3,4,56,630
CZE,1997,2,short,3,5,4,5,0,2,5,14,0,2,5,16
CZE,1997,2,short,3,6,99,150,37,28,96,463,35,28,98,525
CZE,1997,2,short,3,7,2147,4258,8,41,934,16658,7,43,992,20059
CZE,1997,2,short,3,8,1191,2529,2,21,317,9836,1,22,336,12354
CZE,1997,2,short,3,9,1260,2798,3,5,207,10827,3,6,220,13957
CZE,1997,2,short,3,10,202,413,26,13,74,1527,24,14,77,1943
CZE,1997,2,short,3,11,82,141,2,8,73,499,2,8,76,577
CZE,1997,2,short,3,12,253,417,10,32,270,1388,9,35,277,1597
CZE,1997,2,short,3,13,6,9,0,2,7,28,0,2,8,32
CZE,1997,2,short,3,14,103,186,0,8,76,688,0,8,80,803
CZE,1997,2,short,3,15,80,51,352,5,1,1,304,5,1,1
CZE,1997,2,short,3,16,428,724,89,190,304,2227,85,192,304,2815
CZE,1998,2,short,3,0,7477,14234,507,428,4374,52868,457,442,4570,64065
CZE,1998,2,short,3,1,16,28,5,3,12,97,4,3,12,114
CZE,1998,2,short,3,2,1813,2879,39,129,2135,9783,39,137,2217,10705
CZE,1998,2,short,3,3,7,10,2,1,6,35,1,1,6,37
CZE,1998,2,short,3,4,118,214,8,2,78,823,8,2,84,942
CZE,1998,2,short,3,5,3,4,0,2,5,6,0,2,5,6
CZE,1998,2,short,3,6,100,156,40,24,85,502,39,25,87,578
CZE,1998,2,short,3,7,1981,3951,14,31,831,15471,13,32,885,18679
CZE,1998,2,short,3,8,1325,2824,3,21,326,11021,3,23,347,13847
CZE,1998,2,short,3,9,1077,2425,0,5,159,9311,0,6,171,12131
CZE,1998,2,short,3,10,157,322,15,6,53,1218,14,7,56,1535
CZE,1998,2,short,3,11,89,156,6,8,72,564,6,8,76,651
CZE,1998,2,short,3,12,250,419,4,21,267,1425,4,22,274,1641
CZE,1998,2,short,3,13,4,5,0,1,6,15,0,1,6,14
CZE,1998,2,short,3,14,100,178,3,7,71,676,3,7,74,772
CZE,1998,2,short,3,15,65,41,291,2,0,0,251,2,0,0
CZE,1998,2,short,3,16,372,623,76,165,268,1921,73,164,269,2413
CZE,1999,2,short,3,0,7480,14302,483,425,4287,53205,438,439,4476,64598
CZE,1999,2,short,3,1,15,25,4,2,11,92,4,2,12,104
CZE,1999,2,short,3,2,1832,2914,40,132,2117,9997,41,141,2201,10904
CZE,1999,2,short,3,3,8,12,4,2,4,44,4,2,4,51
CZE,1999,2,short,3,4,97,174,7,4,59,682,7,4,62,772
CZE,1999,2,short,3,5,3,4,0,1,8,2,0,1,8,2
CZE,1999,2,short,3,6,96,153,41,20,74,513,39,20,77,587
CZE,1999,2,short,3,7,2012,4039,9,34,811,15807,9,36,864,19166
CZE,1999,2,short,3,8,1335,2885,2,15,270,11294,2,16,288,14272
CZE,1999,2,short,3,9,1000,2242,0,6,171,8575,0,6,181,11174
CZE,1999,2,short,3,10,198,407,19,13,63,1535,16,13,65,1943
CZE,1999,2,short,3,11,101,185,5,5,66,699,4,5,69,816
CZE,1999,2,short,3,12,253,429,4,15,282,1421,4,16,290,1671
CZE,1999,2,short,3,13,6,9,2,1,4,33,1,1,5,34
CZE,1999,2,short,3,14,102,184,4,9,66,697,4,9,70,806
CZE,1999,2,short,3,15,61,40,268,2,2,6,231,2,2,7
CZE,1999,2,short,3,16,362,602,76,163,279,1809,72,163,280,2289
CZE,2000,2,short,3,0,7230,13789,434,433,4242,51142,395,445,4416,62096
CZE,2000,2,short,3,1,17,27,5,2,15,92,5,1,15,104
CZE,2000,2,short,3,2,1813,2886,46,126,2097,9884,45,134,2177,10810
CZE,2000,2,short,3,3,7,12,2,1,6,41,1,1,6,47
CZE,2000,2,short,3,4,108,200,6,4,56,794,6,4,60,912
CZE,2000,2,short,3,5,4,5,0,2,9,7,0,2,9,7
CZE,2000,2,short,3,6,112,181,31,26,89,610,30,26,91,707
CZE,2000,2,short,3,7,1866,3761,4,25,746,14702,4,27,792,17879
CZE,2000,2,short,3,8,1302,2812,2,9,285,10976,1,10,302,13884
CZE,2000,2,short,3,9,907,2043,0,6,137,7828,0,6,145,10216
CZE,2000,2,short,3,10,195,405,14,12,67,1513,12,12,68,1932
CZE,2000,2,short,3,11,113,207,4,5,76,786,4,5,80,911
CZE,2000,2,short,3,12,261,435,3,28,293,1423,3,30,301,1664
CZE,2000,2,short,3,13,5,6,0,2,7,17,0,2,7,18
CZE,2000,2,short,3,14,108,198,1,9,66,759,1,9,69,881
CZE,2000,2,short,3,15,54,35,242,3,1,0,210,3,1,0
CZE,2000,2,short,3,16,358,578,74,173,292,1712,72,173,293,2124
CZE,2001,2,short,3,0,7100,13533,396,434,4192,50175,359,447,4364,60898
CZE,2001,2,short,3,1,22,36,4,2,20,126,4,2,21,143
CZE,2001,2,short,3,2,1807,2876,29,130,2074,9922,29,138,2153,10808
CZE,2001,2,short,3,3,8,10,4,5,9,22,4,5,10,24
CZE,2001,2,short,3,4,96,174,3,6,60,675,3,6,62,774
CZE,2001,2,short,3,5,6,7,1,2,11,12,1,2,11,11
CZE,2001,2,short,3,6,127,206,33,24,109,692,31,24,113,800
CZE,2001,2,short,3,7,1822,3684,9,27,715,14380,8,28,759,17536
CZE,2001,2,short,3,8,1277,2759,2,12,284,10740,2,12,301,13610
CZE,2001,2,short,3,9,892,2003,0,7,134,7701,0,7,143,10015
CZE,2001,2,short,3,10,169,350,18,10,58,1297,16,10,59,1661
CZE,2001,2,short,3,11,110,202,6,6,71,765,5,7,75,890
CZE,2001,2,short,3,12,262,440,3,27,289,1453,3,29,295,1699
CZE,2001,2,short,3,13,6,9,1,1,8,27,1,0,9,32
CZE,2001,2,short,3,14,100,181,0,9,71,673,0,10,74,785
CZE,2001,2,short,3,15,48,30,215,2,1,0,185,2,1,0
CZE,2001,2,short,3,16,347,566,67,164,279,1690,66,164,278,2110
CZE,2002,2,short,3,0,6995,13396,421,440,4003,49699,379,453,4173,60495
CZE,2002,2,short,3,1,22,39,4,0,15,147,4,0,16,170
CZE,2002,2,short,3,2,1767,2850,29,130,1946,9932,28,137,2024,10898
CZE,2002,2,short,3,3,5,9,0,1,3,34,0,1,4,38
CZE,2002,2,short,3,4,96,177,3,4,53,697,3,4,56,803
CZE,2002,2,short,3,5,4,4,0,2,8,3,0,2,9,2
CZE,2002,2,short,3,6,126,206,35,27,100,697,33,28,102,808
CZE,2002,2,short,3,7,1807,3670,15,32,698,14259,14,34,741,17480
CZE,2002,2,short,3,8,1236,2672,3,13,268,10412,3,14,284,13191
CZE,2002,2,short,3,9,894,2010,1,4,143,7700,1,4,153,10038
CZE,2002,2,short,3,10,172,354,16,8,65,1316,15,9,66,1673
CZE,2002,2,short,3,11,109,198,3,9,68,761,3,9,72,877
CZE,2002,2,short,3,12,263,442,3,24,293,1459,3,25,302,1707
CZE,2002,2,short,3,13,4,6,0,2,4,19,0,2,5,19
CZE,2002,2,short,3,14,99,184,3,4,63,700,3,5,66,821
CZE,2002,2,short,3,15,54,34,238,2,1,1,206,2,1,1
CZE,2002,2,short,3,16,336,540,68,176,274,1562,65,176,273,1967
CZE,2003,2,short,3,0,7126,13706,394,421,4146,50591,355,436,4325,61873
CZE,2003,2,short,3,1,19,33,3,3,14,118,3,3,15,135
CZE,2003,2,short,3,2,1784,2866,30,128,2037,9827,29,137,2124,10805
CZE,2003,2,short,3,3,8,13,3,1,9,41,3,1,10,45
CZE,2003,2,short,3,4,107,202,1,5,52,804,1,5,55,931
CZE,2003,2,short,3,5,6,7,0,2,13,9,0,2,13,10
CZE,2003,2,short,3,6,151,248,36,28,136,812,35,28,140,959
CZE,2003,2,short,3,7,1814,3722,4,29,675,14430,4,30,717,17804
CZE,2003,2,short,3,8,1236,2695,4,14,246,10467,4,15,260,13346
CZE,2003,2,short,3,9,894,2015,1,3,138,7711,1,4,148,10071
CZE,2003,2,short,3,10,193,408,15,5,60,1535,13,6,62,1963
CZE,2003,2,short,3,11,123,224,8,5,86,835,7,5,89,981
CZE,2003,2,short,3,12,277,460,5,22,317,1518,4,23,324,1761
CZE,2003,2,short,3,13,4,6,0,1,4,22,0,1,5,23
CZE,2003,2,short,3,14,99,186,0,6,52,727,0,7,55,849
CZE,2003,2,short,3,15,50,32,223,1,2,0,193,1,2,0
CZE,2003,2,short,3,16,360,591,61,167,305,1734,57,168,305,2189
CZE,2004,2,short,3,0,6695,12867,379,383,3874,47614,342,396,4041,58133
CZE,2004,2,short,3,1,20,32,14,2,17,102,13,1,18,121
CZE,2004,2,short,3,2,1745,2841,24,108,1913,9909,23,114,1993,10948
CZE,2004,2,short,3,3,5,8,2,1,5,25,1,1,6,30
CZE,2004,2,short,3,4,102,189,10,3,58,731,9,3,62,851
CZE,2004,2,short,3,5,7,8,0,3,19,4,0,3,19,4
CZE,2004,2,short,3,6,138,234,38,24,100,818,37,24,103,957
CZE,2004,2,short,3,7,1708,3510,7,28,625,13609,6,30,663,16807
CZE,2004,2,short,3,8,1033,2248,1,14,227,8680,1,15,242,11086
CZE,2004,2,short,3,9,917,2041,0,6,158,7853,0,6,169,10169
CZE,2004,2,short,3,10,154,318,10,10,57,1178,10,10,59,1507
CZE,2004,2,short,3,11,107,199,2,4,71,749,1,4,75,881
CZE,2004,2,short,3,12,260,435,4,25,285,1445,4,27,293,1681
CZE,2004,2,short,3,13,3,4,0,0,4,13,0,0,4,14
CZE,2004,2,short,3,14,101,190,2,7,53,742,1,7,57,867
CZE,2004,2,short,3,15,46,29,204,2,1,0,176,2,1,0
CZE,2004,2,short,3,16,347,580,62,146,280,1756,60,147,279,2211
CZE,2005,2,short,3,0,6657,12799,353,397,3896,47218,324,410,4062,57741
CZE,2005,2,short,3,1,27,47,4,1,25,163,4,1,26,193
CZE,2005,2,short,3,2,1677,2683,23,113,1908,9292,23,120,1990,10129
CZE,2005,2,short,3,3,9,14,0,3,8,46,0,3,9,55
CZE,2005,2,short,3,4,103,191,4,4,65,728,4,4,70,849
CZE,2005,2,short,3,5,12,13,0,5,27,13,0,6,26,12
CZE,2005,2,short,3,6,144,245,37,23,105,854,35,23,108,1005
CZE,2005,2,short,3,7,1906,3990,6,25,607,15473,6,26,643,19311
CZE,2005,2,short,3,8,1019,2226,0,13,221,8579,0,14,233,10991
CZE,2005,2,short,3,9,685,1528,0,7,130,5821,0,8,140,7585
CZE,2005,2,short,3,10,200,423,14,9,65,1572,12,9,67,2029
CZE,2005,2,short,3,11,145,270,7,7,96,998,7,7,102,1191
CZE,2005,2,short,3,12,272,451,4,24,312,1479,4,26,318,1719
CZE,2005,2,short,3,13,7,11,0,2,7,36,0,2,7,44
CZE,2005,2,short,3,14,111,216,3,6,47,850,3,6,49,1011
CZE,2005,2,short,3,15,42,27,183,4,1,0,160,3,1,0
CZE,2005,2,short,3,16,300,464,69,152,272,1314,66,152,271,1617
CZE,2006,2,short,3,0,6275,12050,304,366,3786,44260,272,380,3954,54175
CZE,2006,2,short,3,1,27,49,0,2,19,181,0,2,20,216
CZE,2006,2,short,3,2,1665,2669,20,115,1905,9190,20,122,1993,10051
CZE,2006,2,short,3,3,6,11,0,1,6,39,0,1,6,45
CZE,2006,2,short,3,4,100,193,3,3,55,740,3,3,57,885
CZE,2006,2,short,3,5,8,10,0,6,10,23,0,6,10,22
CZE,2006,2,short,3,6,142,251,30,19,97,888,28,20,101,1059
CZE,2006,2,short,3,7,1867,3940,7,30,592,15140,7,32,626,19073
CZE,2006,2,short,3,8,944,2061,2,10,194,7980,1,10,206,10197
CZE,2006,2,short,3,9,513,1127,0,10,131,4253,0,11,139,5521
CZE,2006,2,short,3,10,196,420,12,5,60,1567,11,6,63,2029
CZE,2006,2,short,3,11,121,226,1,6,70,871,1,7,74,1022
CZE,2006,2,short,3,12,265,444,3,20,308,1439,3,22,318,1690
CZE,2006,2,short,3,13,9,14,0,2,8,50,0,2,8,57
CZE,2006,2,short,3,14,111,214,3,10,52,824,2,11,55,986
CZE,2006,2,short,3,15,40,26,173,3,1,2,150,2,2,1
CZE,2006,2,short,3,16,261,396,50,123,279,1073,46,124,278,1319
CZE,2007,2,short,3,0,6153,11843,306,340,3689,43508,276,353,3849,53336
CZE,2007,2,short,3,1,44,82,9,5,24,301,8,5,25,362
CZE,2007,2,short,3,2,1591,2559,24,95,1806,8854,23,100,1886,9706
CZE,2007,2,short,3,3,9,14,1,2,7,49,1,2,7,57
CZE,2007,2,short,3,4,171,337,9,3,83,1288,8,3,88,1565
CZE,2007,2,short,3,5,6,7,0,4,11,11,0,4,11,10
CZE,2007,2,short,3,6,84,138,22,17,71,460,20,17,73,542
CZE,2007,2,short,3,7,2087,4457,1,19,595,17178,1,21,632,21737
CZE,2007,2,short,3,8,776,1686,0,7,189,6484,0,8,199,8293
CZE,2007,2,short,3,9,405,886,0,4,101,3377,0,5,107,4350
CZE,2007,2,short,3,10,184,386,12,13,67,1414,11,14,70,1829
CZE,2007,2,short,3,11,129,235,1,5,89,892,1,5,94,1033
CZE,2007,2,short,3,12,259,431,3,15,319,1378,3,16,327,1617
CZE,2007,2,short,3,13,8,15,0,1,8,51,0,1,8,61
CZE,2007,2,short,3,14,81,160,1,4,34,627,1,4,36,751
CZE,2007,2,short,3,15,42,28,166,11,6,1,143,11,6,1
CZE,2007,2,short,3,16,275,422,57,136,278,1144,56,136,279,1422
CZE,2008,2,short,3,0,6019,11582,275,364,3641,42417,249,376,3797,52072
CZE,2008,2,short,3,1,56,103,7,5,32,388,6,6,33,457
CZE,2008,2,short,3,2,1579,2529,28,92,1798,8773,28,98,1876,9565
CZE,2008,2,short,3,3,10,18,0,2,6,66,0,2,7,77
CZE,2008,2,short,3,4,141,275,4,3,70,1059,4,3,74,1273
CZE,2008,2,short,3,5,9,10,0,3,21,8,0,3,22,9
CZE,2008,2,short,3,6,83,136,21,18,67,459,20,18,69,535
CZE,2008,2,short,3,7,2024,4345,0,23,587,16622,0,24,623,21174
CZE,2008,2,short,3,8,768,1684,0,11,166,6461,0,11,176,8315
CZE,2008,2,short,3,9,383,840,0,4,94,3195,0,4,99,4129
CZE,2008,2,short,3,10,176,365,9,12,67,1349,8,12,70,1724
CZE,2008,2,short,3,11,131,240,4,6,92,900,4,7,96,1055
CZE,2008,2,short,3,12,260,427,4,23,321,1348,4,25,329,1582
CZE,2008,2,short,3,13,13,21,0,3,13,68,0,3,13,82
CZE,2008,2,short,3,14,78,151,3,4,36,584,3,4,37,702
CZE,2008,2,short,3,15,39,26,157,9,5,2,137,8,5,2
CZE,2008,2,short,3,16,270,412,38,146,267,1135,35,146,268,1392
CZE,2009,2,short,3,0,6050,11695,310,371,3519,42965,282,383,3673,52823
CZE,2009,2,short,3,1,69,126,17,7,33,474,16,7,34,566
CZE,2009,2,short,3,2,1539,2492,21,94,1710,8678,21,101,1790,9528
CZE,2009,2,short,3,3,9,15,1,2,10,45,1,2,10,53
CZE,2009,2,short,3,4,134,258,8,7,68,982,8,7,72,1180
CZE,2009,2,short,3,5,7,9,0,3,15,13,0,3,15,13
CZE,2009,2,short,3,6,72,117,19,21,52,396,19,21,54,458
CZE,2009,2,short,3,7,2033,4370,0,25,552,16802,0,27,587,21361
CZE,2009,2,short,3,8,779,1708,0,9,169,6558,0,10,178,8440
CZE,2009,2,short,3,9,430,949,0,5,93,3621,0,5,98,4688
CZE,2009,2,short,3,10,196,403,4,20,78,1481,4,20,80,1896
CZE,2009,2,short,3,11,137,249,0,7,103,923,0,7,108,1079
CZE,2009,2,short,3,12,265,434,8,23,322,1384,8,24,329,1615
CZE,2009,2,short,3,13,10,16,0,2,11,54,0,2,12,59
CZE,2009,2,short,3,14,75,147,1,3,36,564,1,3,38,683
CZE,2009,2,short,3,15,46,30,183,8,8,0,159,7,8,0
CZE,2009,2,short,3,16,250,371,47,136,260,990,46,136,260,1202
CZE,2010,2,short,3,0,5804,11192,294,332,3413,41188,269,341,3561,50515
CZE,2010,2,short,3,1,63,121,9,2,31,462,8,2,32,553
CZE,2010,2,short,3,2,1522,2443,24,101,1696,8537,23,107,1772,9299
CZE,2010,2,short,3,3,9,15,1,2,8,48,1,2,9,57
CZE,2010,2,short,3,4,135,261,5,6,70,995,5,6,74,1198
CZE,2010,2,short,3,5,11,17,0,2,13,52,0,2,13,63
CZE,2010,2,short,3,6,68,112,17,10,63,372,17,10,66,430
CZE,2010,2,short,3,7,1887,4055,9,23,526,15536,9,24,558,19790
CZE,2010,2,short,3,8,716,1564,0,6,157,6030,0,7,164,7726
CZE,2010,2,short,3,9,453,996,0,3,97,3825,0,3,103,4927
CZE,2010,2,short,3,10,185,374,19,14,75,1379,18,14,78,1749
CZE,2010,2,short,3,11,125,228,4,3,92,847,3,3,98,995
CZE,2010,2,short,3,12,246,405,4,25,298,1282,4,27,306,1503
CZE,2010,2,short,3,13,12,21,1,1,8,77,2,1,8,91
CZE,2010,2,short,3,14,86,173,1,4,32,678,1,4,34,823
CZE,2010,2,short,3,15,39,26,164,4,6,0,142,4,5,0
CZE,2010,2,short,3,16,246,380,36,126,240,1067,35,126,240,1309
CZE,2011,2,short,3,0,5656,10895,262,356,3341,40046,240,367,3491,49092
CZE,2011,2,short,3,1,77,142,7,5,47,532,6,6,48,634
CZE,2011,2,short,3,2,1480,2380,17,113,1603,8397,16,119,1677,9121
CZE,2011,2,short,3,3,10,18,0,0,10,65,0,0,10,77
CZE,2011,2,short,3,4,165,323,7,9,65,1269,7,10,68,1521
CZE,2011,2,short,3,5,53,117,2,1,18,423,2,2,19,561
CZE,2011,2,short,3,6,125,227,20,20,75,821,20,20,77,981
CZE,2011,2,short,3,7,1963,4231,7,23,532,16208,7,24,566,20685
CZE,2011,2,short,3,8,638,1391,0,12,149,5329,0,13,159,6841
CZE,2011,2,short,3,9,270,576,0,6,91,2174,0,7,96,2781
CZE,2011,2,short,3,10,132,269,9,16,57,967,8,16,59,1249
CZE,2011,2,short,3,11,134,247,1,5,97,917,1,5,103,1081
CZE,2011,2,short,3,12,238,393,3,18,294,1248,2,20,302,1463
CZE,2011,2,short,3,13,22,40,0,2,18,143,0,2,18,173
CZE,2011,2,short,3,14,67,135,2,1,30,516,2,2,32,633
CZE,2011,2,short,3,15,37,27,140,5,9,14,121,5,9,15
CZE,2011,2,short,3,16,244,376,48,118,248,1024,47,118,249,1276
CZE,2012,2,short,3,0,5629,10881,262,336,3308,39958,239,346,3459,49109
CZE,2012,2,short,3,1,87,164,5,7,56,600,5,7,58,725
CZE,2012,2,short,3,2,1468,2374,15,95,1596,8369,15,101,1676,9124
CZE,2012,2,short,3,3,11,20,1,2,6,76,1,2,6,90
CZE,2012,2,short,3,4,152,293,7,7,77,1119,6,7,82,1343
CZE,2012,2,short,3,5,52,116,0,1,10,437,0,1,10,575
CZE,2012,2,short,3,6,141,258,18,16,92,924,18,17,95,1120
CZE,2012,2,short,3,7,1971,4261,5,33,542,16224,5,34,573,20810
CZE,2012,2,short,3,8,603,1318,3,7,140,5050,3,8,147,6492
CZE,2012,2,short,3,9,260,560,0,2,73,2140,0,2,76,2739
CZE,2012,2,short,3,10,139,288,11,10,50,1061,10,10,51,1363
CZE,2012,2,short,3,11,136,253,5,4,87,962,5,4,94,1124
CZE,2012,2,short,3,12,238,395,3,18,284,1278,2,19,291,1491
CZE,2012,2,short,3,13,26,47,0,5,15,173,0,5,16,208
CZE,2012,2,short,3,14,72,147,0,4,29,559,0,4,30,697
CZE,2012,2,short,3,15,41,29,156,4,11,12,136,5,11,12
CZE,2012,2,short,3,16,233,356,33,119,240,972,33,119,242,1196
CZE,2013,2,short,3,0,5558,10753,225,329,3246,39587,203,338,3395,48607
CZE,2013,2,short,3,1,82,164,1,5,37,620,1,5,39,763
CZE,2013,2,short,3,2,1426,2296,22,88,1559,8104,22,93,1634,8800
CZE,2013,2,short,3,3,11,21,1,4,6,74,1,4,6,93
CZE,2013,2,short,3,4,233,472,1,5,93,1824,1,5,99,2242
CZE,2013,2,short,3,5,67,151,0,4,11,567,0,4,11,751
CZE,2013,2,short,3,6,151,278,16,20,93,1006,15,19,97,1216
CZE,2013,2,short,3,7,1954,4236,4,29,519,16159,4,30,552,20726
CZE,2013,2,short,3,8,577,1253,1,9,140,4804,2,9,147,6157
CZE,2013,2,short,3,9,169,359,0,3,58,1359,0,4,61,1729
CZE,2013,2,short,3,10,131,265,14,12,57,959,14,12,60,1226
CZE,2013,2,short,3,11,178,331,1,5,106,1287,1,5,113,1493
CZE,2013,2,short,3,12,233,387,6,18,285,1225,5,19,293,1446
CZE,2013,2,short,3,13,21,36,0,2,19,126,0,2,19,148
CZE,2013,2,short,3,14,63,129,0,2,23,500,0,2,24,616
CZE,2013,2,short,3,15,38,29,132,8,12,20,115,8,12,20
CZE,2013,2,short,3,16,223,347,24,116,227,953,22,117,228,1182
CZE,2014,2,short,3,0,5220,10106,241,310,3026,37179,217,321,3164,45701
CZE,2014,2,short,3,1,88,172,3,3,43,656,3,3,45,797
CZE,2014,2,short,3,2,1402,2271,17,91,1495,8074,18,96,1569,8781
CZE,2014,2,short,3,3,13,24,0,1,9,86,0,1,9,103
CZE,2014,2,short,3,4,217,444,9,6,78,1707,8,6,83,2118
CZE,2014,2,short,3,5,62,139,2,1,14,515,2,1,15,686
CZE,2014,2,short,3,6,147,276,23,23,75,1001,21,23,78,1227
CZE,2014,2,short,3,7,1787,3903,9,20,451,14855,9,21,476,19159
CZE,2014,2,short,3,8,510,1110,1,6,123,4256,1,6,128,5461
CZE,2014,2,short,3,9,150,313,0,7,57,1180,0,7,60,1492
CZE,2014,2,short,3,10,119,248,5,9,46,906,5,9,47,1175
CZE,2014,2,short,3,11,148,279,3,2,83,1092,2,2,89,1271
CZE,2014,2,short,3,12,225,367,3,28,271,1161,2,30,279,1351
CZE,2014,2,short,3,13,23,42,0,0,18,157,0,1,19,181
CZE,2014,2,short,3,14,63,130,0,3,24,495,0,3,26,618
CZE,2014,2,short,3,15,38,28,144,4,10,17,124,4,10,18
CZE,2014,2,short,3,16,228,360,23,107,228,1019,22,107,230,1263
CZE,2015,2,short,3,0,5395,10511,244,314,3011,38805,223,324,3150,47791
CZE,2015,2,short,3,1,101,197,10,4,46,748,9,5,49,912
CZE,2015,2,short,3,2,1377,2238,14,89,1469,7936,14,94,1539,8673
CZE,2015,2,short,3,3,14,25,1,1,11,90,2,1,11,106
CZE,2015,2,short,3,4,233,477,11,8,78,1840,10,8,83,2283
CZE,2015,2,short,3,5,79,177,1,7,16,647,1,7,17,865
CZE,2015,2,short,3,6,165,313,14,19,91,1148,14,20,95,1400
CZE,2015,2,short,3,7,1843,4033,6,25,429,15417,6,27,454,19852
CZE,2015,2,short,3,8,507,1107,3,9,110,4261,3,9,115,5463
CZE,2015,2,short,3,9,158,326,0,7,62,1230,0,7,65,1545
CZE,2015,2,short,3,10,148,312,8,9,51,1149,7,9,54,1488
CZE,2015,2,short,3,11,178,333,1,7,97,1309,2,7,104,1517
CZE,2015,2,short,3,12,230,381,5,20,275,1219,5,21,282,1430
CZE,2015,2,short,3,13,26,48,3,1,16,182,3,1,17,214
CZE,2015,2,short,3,14,72,149,0,2,29,562,0,2,30,710
CZE,2015,2,short,3,15,36,26,130,9,11,9,112,9,11,10
CZE,2015,2,short,3,16,229,368,36,98,222,1057,36,97,223,1322
CZE,2016,2,short,3,0,5082,9793,282,340,2935,36013,255,353,3065,44187
CZE,2016,2,short,3,1,98,195,7,7,40,745,6,7,41,915
CZE,2016,2,short,3,2,1370,2220,30,103,1430,7910,30,110,1495,8619
CZE,2016,2,short,3,3,12,25,0,1,5,94,0,1,6,116
CZE,2016,2,short,3,4,230,474,5,10,75,1832,5,10,79,2273
CZE,2016,2,short,3,5,71,161,1,2,14,600,1,2,15,795
CZE,2016,2,short,3,6,166,320,19,18,82,1173,17,18,84,1452
CZE,2016,2,short,3,7,1666,3616,12,32,443,13729,11,33,470,17673
CZE,2016,2,short,3,8,442,967,0,7,103,3693,0,7,110,4761
CZE,2016,2,short,3,9,142,290,0,4,62,1101,0,4,64,1371
CZE,2016,2,short,3,10,142,293,9,10,56,1077,8,10,58,1381
CZE,2016,2,short,3,11,159,297,5,5,88,1165,5,5,94,1350
CZE,2016,2,short,3,12,219,360,5,12,269,1158,5,14,276,1344
CZE,2016,2,short,3,13,21,39,0,2,11,152,0,2,11,176
CZE,2016,2,short,3,14,76,160,3,4,25,602,2,4,27,765
CZE,2016,2,short,3,15,40,30,152,6,8,17,131,7,8,19
CZE,2016,2,short,3,16,227,348,34,118,225,965,32,118,227,1178
CZE,2017,2,short,3,0,5149,9989,241,308,2918,36854,217,318,3055,45295
CZE,2017,2,short,3,1,100,202,1,4,42,773,1,4,44,956
CZE,2017,2,short,3,2,1341,2179,17,91,1386,7837,17,96,1453,8511
CZE,2017,2,short,3,3,11,21,0,0,9,76,0,0,10,92
CZE,2017,2,short,3,4,216,451,3,9,64,1745,2,9,68,2182
CZE,2017,2,short,3,5,88,201,0,3,14,746,0,3,15,998
CZE,2017,2,short,3,6,171,336,19,16,68,1263,18,16,72,1559
CZE,2017,2,short,3,7,1748,3800,10,29,465,14425,9,30,491,18588
CZE,2017,2,short,3,8,419,908,0,8,115,3452,0,9,120,4439
CZE,2017,2,short,3,9,136,279,1,6,57,1051,1,6,61,1316
CZE,2017,2,short,3,10,166,354,6,8,51,1320,6,8,54,1707
CZE,2017,2,short,3,11,169,318,2,2,100,1237,3,3,108,1442
CZE,2017,2,short,3,12,226,368,0,23,280,1166,0,25,290,1351
CZE,2017,2,short,3,13,26,48,0,3,13,190,0,3,13,219
CZE,2017,2,short,3,14,76,157,2,3,26,604,2,3,27,750
CZE,2017,2,short,3,15,39,29,148,5,10,18,128,5,10,20
CZE,2017,2,short,3,16,215,336,30,97,218,951,29,97,220,1166
CZE,1994,3,short,1,0,10441,18428,831,988,8150,66402,748,1015,8497,77675
CZE,1994,3,short,1,1,32,49,12,9,32,147,11,9,33,173
CZE,1994,3,short,1,2,2569,3980,59,170,3199,13388,58,180,3338,14341
CZE,1994,3,short,1,3,11,17,8,2,9,51,7,2,9,60
CZE,1994,3,short,1,4,121,212,11,7,82,822,10,7,86,922
CZE,1994,3,short,1,5,7,8,0,3,16,10,0,3,16,10
CZE,1994,3,short,1,6,96,136,42,32,106,380,39,32,108,430
CZE,1994,3,short,1,7,3116,5732,14,77,2198,21664,13,82,2317,25274
CZE,1994,3,short,1,8,1662,3380,5,25,605,13259,5,26,643,16186
CZE,1994,3,short,1,9,947,2000,1,13,283,7737,1,14,301,9718
CZE,1994,3,short,1,10,220,438,23,13,92,1644,20,13,96,2046
CZE,1994,3,short,1,11,191,336,3,10,151,1264,2,10,160,1429
CZE,1994,3,short,1,12,408,643,9,53,515,2022,9,57,524,2297
CZE,1994,3,short,1,13,9,13,0,1,10,43,0,1,10,47
CZE,1994,3,short,1,14,152,277,2,8,101,1064,2,9,105,1227
CZE,1994,3,short,1,15,105,67,461,9,2,0,398,9,2,0
CZE,1994,3,short,1,16,793,1138,180,556,748,2906,172,562,748,3516
CZE,1995,3,short,3,0,10622,18983,796,978,8047,68447,717,1007,8389,80750
CZE,1995,3,short,3,1,22,34,6,7,16,119,6,7,17,132
CZE,1995,3,short,3,2,2557,3993,55,152,3087,13675,54,159,3220,14649
CZE,1995,3,short,3,3,11,18,5,2,10,57,5,2,10,68
CZE,1995,3,short,3,4,83,140,4,6,67,531,4,6,71,585
CZE,1995,3,short,3,5,6,8,0,3,12,12,0,3,12,13
CZE,1995,3,short,3,6,105,151,43,35,117,421,41,36,119,481
CZE,1995,3,short,3,7,3210,5968,13,81,2170,22584,12,87,2290,26522
CZE,1995,3,short,3,8,1608,3290,8,25,589,12811,7,26,625,15751
CZE,1995,3,short,3,9,1113,2395,1,14,308,9172,1,15,326,11697
CZE,1995,3,short,3,10,300,598,33,19,135,2212,30,19,139,2770
CZE,1995,3,short,3,11,159,277,5,12,126,1033,4,12,134,1170
CZE,1995,3,short,3,12,395,599,13,57,551,1779,12,61,560,2004
CZE,1995,3,short,3,13,9,13,0,2,10,41,0,3,10,47
CZE,1995,3,short,3,14,141,250,7,6,109,927,6,7,114,1073
CZE,1995,3,short,3,15,107,68,475,4,2,1,411,4,2,1
CZE,1995,3,short,3,16,796,1180,127,555,738,3073,123,561,739,3787
CZE,1996,3,short,3,0,10081,18005,657,896,7780,64847,592,924,8113,76441
CZE,1996,3,short,3,1,23,33,13,6,26,94,11,6,27,105
CZE,1996,3,short,3,2,2475,3862,47,150,3016,13152,47,159,3150,14103
CZE,1996,3,short,3,3,11,17,3,4,10,52,3,4,10,59
CZE,1996,3,short,3,4,74,127,6,5,55,486,5,5,57,540
CZE,1996,3,short,3,5,6,8,0,1,11,17,0,1,11,19
CZE,1996,3,short,3,6,104,148,56,34,106,417,53,35,108,472
CZE,1996,3,short,3,7,3039,5625,13,76,2090,21280,12,81,2203,24922
CZE,1996,3,short,3,8,1493,3071,2,17,545,11926,2,17,579,14722
CZE,1996,3,short,3,9,1098,2348,1,8,327,9004,1,9,347,11429
CZE,1996,3,short,3,10,292,584,17,18,133,2174,16,19,138,2715
CZE,1996,3,short,3,11,129,221,5,9,111,810,4,9,117,915
CZE,1996,3,short,3,12,376,573,5,53,525,1711,5,58,534,1924
CZE,1996,3,short,3,13,5,9,0,1,4,33,0,1,4,38
CZE,1996,3,short,3,14,140,250,0,8,109,926,1,9,114,1072
CZE,1996,3,short,3,15,86,55,381,3,2,2,329,3,2,2
CZE,1996,3,short,3,16,731,1076,107,503,711,2762,104,508,713,3402
CZE,1997,3,short,3,0,10001,17887,660,906,7699,64317,595,933,8022,75976
CZE,1997,3,short,3,1,21,29,9,6,21,92,7,6,22,98
CZE,1997,3,short,3,2,2459,3842,47,142,2969,13175,46,150,3100,14098
CZE,1997,3,short,3,3,11,17,4,3,8,55,4,3,8,64
CZE,1997,3,short,3,4,90,155,5,7,66,591,4,7,70,659
CZE,1997,3,short,3,5,5,7,0,3,9,15,0,3,9,17
CZE,1997,3,short,3,6,111,160,46,36,115,468,43,37,118,527
CZE,1997,3,short,3,7,2828,5249,8,63,1942,19844,8,67,2046,23291
CZE,1997,3,short,3,8,1339,2761,1,21,486,10688,1,22,515,13237
CZE,1997,3,short,3,9,1447,3087,1,11,430,11866,1,12,457,15027
CZE,1997,3,short,3,10,245,481,26,17,123,1761,24,18,127,2200
CZE,1997,3,short,3,11,141,239,7,9,129,866,6,9,136,973
CZE,1997,3,short,3,12,362,544,6,57,528,1561,5,63,537,1761
CZE,1997,3,short,3,13,5,7,1,1,6,20,1,1,6,22
CZE,1997,3,short,3,14,118,213,0,9,89,784,0,9,93,920
CZE,1997,3,short,3,15,86,55,381,5,1,1,329,5,1,1
CZE,1997,3,short,3,16,734,1042,119,517,778,2527,115,522,778,3081
CZE,1998,3,short,3,0,9597,17258,580,811,7270,62355,524,834,7573,73739
CZE,1998,3,short,3,1,24,37,7,5,22,122,6,5,22,140
CZE,1998,3,short,3,2,2434,3839,44,131,2877,13253,43,138,3001,14279
CZE,1998,3,short,3,3,8,12,1,3,7,43,1,3,7,44
CZE,1998,3,short,3,4,132,230,8,4,106,860,7,4,114,972
CZE,1998,3,short,3,5,7,7,0,3,15,9,0,3,15,8
CZE,1998,3,short,3,6,110,165,42,33,103,506,39,34,106,576
CZE,1998,3,short,3,7,2641,4907,11,63,1784,18600,11,67,1880,21818
CZE,1998,3,short,3,8,1449,3004,5,19,482,11697,5,21,511,14490
CZE,1998,3,short,3,9,1211,2635,0,9,307,10087,0,10,325,12941
CZE,1998,3,short,3,10,198,385,19,15,106,1405,17,15,110,1747
CZE,1998,3,short,3,11,163,281,7,9,137,1041,7,10,145,1170
CZE,1998,3,short,3,12,374,565,8,42,546,1661,7,46,556,1863
CZE,1998,3,short,3,13,3,4,0,1,4,12,0,2,4,11
CZE,1998,3,short,3,14,119,215,1,6,90,802,1,7,94,932
CZE,1998,3,short,3,15,74,47,329,3,2,1,284,3,2,1
CZE,1998,3,short,3,16,651,924,98,464,683,2257,95,468,682,2747
CZE,1999,3,short,3,0,9528,17211,530,818,7167,62101,482,840,7475,73690
CZE,1999,3,short,3,1,23,36,4,4,29,107,4,4,29,123
CZE,1999,3,short,3,2,2421,3811,44,142,2873,13114,44,150,3005,14106
CZE,1999,3,short,3,3,8,13,3,3,5,45,3,3,5,51
CZE,1999,3,short,3,4,102,181,6,5,69,703,6,5,72,790
CZE,1999,3,short,3,5,7,8,0,3,14,10,0,4,14,10
CZE,1999,3,short,3,6,112,172,41,29,95,563,38,30,98,633
CZE,1999,3,short,3,7,2649,4955,7,63,1747,18780,7,67,1842,22133
CZE,1999,3,short,3,8,1465,3074,3,17,447,11962,3,18,476,14916
CZE,1999,3,short,3,9,1125,2447,1,10,293,9342,1,10,311,11995
CZE,1999,3,short,3,10,237,470,24,16,111,1729,21,16,115,2170
CZE,1999,3,short,3,11,172,302,5,9,137,1125,4,9,145,1278
CZE,1999,3,short,3,12,375,574,4,36,562,1656,3,39,573,1896
CZE,1999,3,short,3,13,4,7,1,0,4,24,1,0,5,26
CZE,1999,3,short,3,14,122,221,2,8,92,816,2,9,95,953
CZE,1999,3,short,3,15,65,42,286,2,2,4,247,2,2,5
CZE,1999,3,short,3,16,640,901,100,471,688,2120,98,474,689,2605
CZE,2000,3,short,3,0,9286,16747,502,798,7030,60428,457,819,7318,71635
CZE,2000,3,short,3,1,23,35,5,3,30,104,5,3,31,118
CZE,2000,3,short,3,2,2429,3840,46,125,2845,13309,45,132,2973,14336
CZE,2000,3,short,3,3,8,12,3,2,7,40,3,2,7,45
CZE,2000,3,short,3,4,120,213,9,6,80,819,8,6,85,931
CZE,2000,3,short,3,5,10,11,0,4,20,20,0,4,20,18
CZE,2000,3,short,3,6,127,199,34,35,120,628,32,35,123,727
CZE,2000,3,short,3,7,2472,4642,5,55,1618,17577,5,59,1702,20783
CZE,2000,3,short,3,8,1454,3053,2,15,439,11885,2,16,466,14831
CZE,2000,3,short,3,9,1018,2215,0,7,258,8479,0,8,272,10879
CZE,2000,3,short,3,10,238,472,17,16,121,1720,16,17,125,2165
CZE,2000,3,short,3,11,187,329,4,8,146,1240,4,8,154,1405
CZE,2000,3,short,3,12,371,566,5,37,544,1660,4,40,555,1883
CZE,2000,3,short,3,13,5,7,0,1,7,18,1,1,7,20
CZE,2000,3,short,3,14,121,224,1,6,81,845,1,6,85,991
CZE,2000,3,short,3,15,59,38,265,3,1,0,229,2,1,0
CZE,2000,3,short,3,16,646,891,104,474,712,2083,102,480,712,2502
CZE,2001,3,short,3,0,9030,16312,462,781,6795,58915,418,802,7070,69887
CZE,2001,3,short,3,1,26,41,4,5,27,135,3,5,28,152
CZE,2001,3,short,3,2,2372,3760,33,122,2744,13129,33,129,2868,14125
CZE,2001,3,short,3,3,7,10,4,4,7,29,3,4,7,30
CZE,2001,3,short,3,4,102,182,7,6,66,706,6,6,69,799
CZE,2001,3,short,3,5,11,12,1,4,21,20,1,5,21,19
CZE,2001,3,short,3,6,144,228,39,33,132,747,35,33,135,858
CZE,2001,3,short,3,7,2395,4528,7,56,1522,17159,6,60,1600,20373
CZE,2001,3,short,3,8,1391,2935,2,14,415,11391,2,15,440,14272
CZE,2001,3,short,3,9,1004,2172,1,10,269,8313,1,11,286,10628
CZE,2001,3,short,3,10,212,423,23,16,102,1536,21,17,105,1943
CZE,2001,3,short,3,11,183,321,5,9,141,1211,5,9,150,1368
CZE,2001,3,short,3,12,380,580,2,38,556,1710,2,41,566,1933
CZE,2001,3,short,3,13,5,9,0,1,7,26,1,1,7,31
CZE,2001,3,short,3,14,116,210,0,9,82,785,0,10,85,913
CZE,2001,3,short,3,15,59,37,260,4,1,0,226,3,1,0
CZE,2001,3,short,3,16,621,864,74,452,703,2017,74,455,701,2443
CZE,2002,3,short,3,0,8954,16223,484,777,6662,58585,437,797,6938,69650
CZE,2002,3,short,3,1,27,44,6,3,24,153,5,3,25,173
CZE,2002,3,short,3,2,2369,3792,34,128,2638,13382,34,135,2763,14459
CZE,2002,3,short,3,3,7,11,1,2,4,40,1,2,4,43
CZE,2002,3,short,3,4,105,188,6,6,73,714,6,6,77,821
CZE,2002,3,short,3,5,10,11,0,3,26,9,0,3,27,7
CZE,2002,3,short,3,6,152,240,45,38,135,782,42,38,139,898
CZE,2002,3,short,3,7,2357,4482,14,55,1488,16890,13,59,1567,20191
CZE,2002,3,short,3,8,1352,2842,3,15,403,11064,3,16,426,13815
CZE,2002,3,short,3,9,1012,2191,1,7,284,8351,1,7,301,10707
CZE,2002,3,short,3,10,212,421,18,13,108,1539,16,13,111,1935
CZE,2002,3,short,3,11,181,316,5,10,139,1199,5,11,147,1346
CZE,2002,3,short,3,12,377,578,3,37,555,1691,3,39,568,1921
CZE,2002,3,short,3,13,3,5,0,1,4,15,0,1,5,16
CZE,2002,3,short,3,14,113,209,2,5,80,777,2,6,83,916
CZE,2002,3,short,3,15,60,38,265,3,1,3,228,3,1,3
CZE,2002,3,short,3,16,617,854,82,451,698,1975,80,455,696,2396
CZE,2003,3,short,3,0,9102,16576,454,781,6729,59777,411,804,7009,71347
CZE,2003,3,short,3,1,26,42,4,4,24,143,3,4,25,163
CZE,2003,3,short,3,2,2369,3791,34,119,2673,13313,33,126,2802,14399
CZE,2003,3,short,3,3,9,14,5,1,7,48,4,1,7,53
CZE,2003,3,short,3,4,117,214,2,6,73,832,2,6,77,955
CZE,2003,3,short,3,5,15,17,0,4,37,18,0,4,37,17
CZE,2003,3,short,3,6,172,277,42,39,158,901,40,39,162,1045
CZE,2003,3,short,3,7,2346,4511,8,53,1420,17017,7,56,1495,20470
CZE,2003,3,short,3,8,1359,2882,3,17,380,11185,3,18,404,14055
CZE,2003,3,short,3,9,1037,2241,1,8,299,8529,1,9,316,10933
CZE,2003,3,short,3,10,242,483,18,13,120,1772,16,14,123,2232
CZE,2003,3,short,3,11,192,340,6,7,142,1298,6,7,149,1472
CZE,2003,3,short,3,12,389,590,7,34,579,1724,6,37,591,1948
CZE,2003,3,short,3,13,4,6,0,1,5,18,0,1,5,19
CZE,2003,3,short,3,14,115,213,0,7,74,811,0,7,77,946
CZE,2003,3,short,3,15,56,35,247,2,1,0,213,2,1,0
CZE,2003,3,short,3,16,654,920,77,467,736,2167,75,473,735,2640
CZE,2004,3,short,3,0,8611,15639,428,740,6433,56354,387,761,6703,67157
CZE,2004,3,short,3,1,27,42,13,4,25,133,12,5,26,152
CZE,2004,3,short,3,2,2330,3757,30,109,2575,13283,30,114,2700,14421
CZE,2004,3,short,3,3,5,8,2,2,4,25,1,2,5,29
CZE,2004,3,short,3,4,110,198,8,5,77,743,8,5,82,860
CZE,2004,3,short,3,5,16,19,0,5,38,22,0,5,39,21
CZE,2004,3,short,3,6,160,264,45,28,133,893,42,28,136,1040
CZE,2004,3,short,3,7,2215,4249,7,57,1357,15988,7,61,1427,19235
CZE,2004,3,short,3,8,1149,2428,3,14,344,9400,3,14,365,11801
CZE,2004,3,short,3,9,1050,2256,1,9,309,8616,1,10,327,10991
CZE,2004,3,short,3,10,204,404,11,12,110,1477,10,13,113,1851
CZE,2004,3,short,3,11,177,313,4,6,141,1172,4,6,149,1337
CZE,2004,3,short,3,12,376,574,9,41,541,1697,8,44,554,1915
CZE,2004,3,short,3,13,3,4,0,0,4,13,0,0,5,14
CZE,2004,3,short,3,14,119,221,3,4,74,843,3,5,78,991
CZE,2004,3,short,3,15,50,32,224,2,1,1,193,2,1,1
CZE,2004,3,short,3,16,618,869,69,441,698,2047,67,446,697,2498
CZE,2005,3,short,3,0,8484,15450,405,725,6320,55621,369,746,6587,66425
CZE,2005,3,short,3,1,32,53,4,2,36,175,4,2,38,203
CZE,2005,3,short,3,2,2211,3539,24,107,2488,12475,23,113,2612,13460
CZE,2005,3,short,3,3,8,14,1,2,7,48,1,2,7,56
CZE,2005,3,short,3,4,114,204,10,5,82,762,9,6,87,881
CZE,2005,3,short,3,5,25,29,0,7,59,35,0,8,60,31
CZE,2005,3,short,3,6,165,274,43,33,132,923,42,33,136,1083
CZE,2005,3,short,3,7,2403,4717,3,52,1317,17841,3,55,1385,21719
CZE,2005,3,short,3,8,1130,2400,1,14,331,9263,1,15,351,11678
CZE,2005,3,short,3,9,785,1678,0,8,259,6359,0,9,274,8120
CZE,2005,3,short,3,10,253,509,15,15,122,1868,14,16,126,2355
CZE,2005,3,short,3,11,222,403,4,7,153,1539,4,7,162,1772
CZE,2005,3,short,3,12,392,597,5,41,582,1733,5,44,596,1965
CZE,2005,3,short,3,13,5,10,0,1,5,31,0,1,5,38
CZE,2005,3,short,3,14,124,241,2,5,61,933,1,6,64,1116
CZE,2005,3,short,3,15,50,32,222,3,1,0,192,3,1,0
CZE,2005,3,short,3,16,562,752,72,422,684,1637,70,427,682,1947
CZE,2006,3,short,3,0,8054,14654,390,662,6112,52553,353,681,6377,62823
CZE,2006,3,short,3,1,34,60,2,4,29,211,2,4,30,246
CZE,2006,3,short,3,2,2167,3470,31,107,2445,12185,31,113,2570,13174
CZE,2006,3,short,3,3,7,13,0,1,5,46,0,1,5,53
CZE,2006,3,short,3,4,114,210,6,5,73,799,5,6,77,933
CZE,2006,3,short,3,5,16,19,0,6,34,33,0,6,34,31
CZE,2006,3,short,3,6,159,273,33,29,118,945,31,29,121,1119
CZE,2006,3,short,3,7,2380,4710,11,50,1299,17679,10,53,1367,21712
CZE,2006,3,short,3,8,1046,2219,4,12,304,8577,3,13,322,10803
CZE,2006,3,short,3,9,608,1271,0,10,252,4767,0,10,267,6043
CZE,2006,3,short,3,10,250,512,16,13,106,1886,15,13,110,2400
CZE,2006,3,short,3,11,189,340,1,9,141,1276,1,9,150,1472
CZE,2006,3,short,3,12,380,581,6,36,558,1705,5,38,574,1931
CZE,2006,3,short,3,13,7,12,0,2,9,37,0,2,9,43
CZE,2006,3,short,3,14,130,250,2,7,71,950,2,7,76,1140
CZE,2006,3,short,3,15,49,31,214,3,2,1,185,3,2,1
CZE,2006,3,short,3,16,517,684,65,369,665,1456,63,373,664,1723
CZE,2007,3,short,3,0,7888,14344,375,693,5965,51400,340,713,6229,61443
CZE,2007,3,short,3,1,52,91,10,6,39,320,10,6,41,380
CZE,2007,3,short,3,2,2092,3354,30,96,2348,11825,29,101,2470,12772
CZE,2007,3,short,3,3,9,14,2,2,7,49,2,2,7,58
CZE,2007,3,short,3,4,193,366,10,7,113,1382,9,7,120,1651
CZE,2007,3,short,3,5,14,17,0,4,30,31,0,4,30,28
CZE,2007,3,short,3,6,98,157,23,27,87,504,22,27,88,589
CZE,2007,3,short,3,7,2595,5205,1,42,1314,19634,1,46,1386,24239
CZE,2007,3,short,3,8,860,1813,1,9,286,6957,1,10,303,8762
CZE,2007,3,short,3,9,476,990,0,9,196,3728,0,10,207,4707
CZE,2007,3,short,3,10,233,466,14,16,122,1683,13,16,126,2137
CZE,2007,3,short,3,11,203,362,3,9,150,1370,3,10,160,1564
CZE,2007,3,short,3,12,375,570,5,38,556,1658,4,41,570,1872
CZE,2007,3,short,3,13,8,15,0,1,7,54,0,1,7,62
CZE,2007,3,short,3,14,93,182,1,3,48,699,1,4,50,841
CZE,2007,3,short,3,15,52,34,206,12,6,1,178,12,6,1
CZE,2007,3,short,3,16,536,707,70,413,657,1508,67,416,657,1781
CZE,2008,3,short,3,0,7740,14088,333,669,5910,50375,303,686,6168,60311
CZE,2008,3,short,3,1,69,121,4,7,54,437,4,7,56,510
CZE,2008,3,short,3,2,2070,3317,29,99,2308,11736,29,104,2428,12650
CZE,2008,3,short,3,3,10,17,1,2,7,62,1,2,7,72
CZE,2008,3,short,3,4,160,300,7,6,100,1135,7,6,106,1343
CZE,2008,3,short,3,5,17,21,0,3,40,30,0,4,41,30
CZE,2008,3,short,3,6,97,157,26,25,78,522,25,25,79,607
CZE,2008,3,short,3,7,2535,5103,0,44,1290,19150,0,47,1360,23761
CZE,2008,3,short,3,8,843,1790,0,11,267,6853,0,11,283,8676
CZE,2008,3,short,3,9,458,954,0,6,190,3594,0,6,201,4537
CZE,2008,3,short,3,10,227,453,12,16,120,1644,11,16,124,2075
CZE,2008,3,short,3,11,201,360,5,8,147,1362,4,8,155,1562
CZE,2008,3,short,3,12,374,561,4,37,586,1571,4,40,600,1782
CZE,2008,3,short,3,13,12,22,0,2,11,74,0,2,12,87
CZE,2008,3,short,3,14,91,177,1,5,47,675,1,6,49,816
CZE,2008,3,short,3,15,48,32,198,10,4,1,172,9,4,1
CZE,2008,3,short,3,16,526,702,46,388,662,1528,45,391,663,1803
CZE,2009,3,short,3,0,7740,14169,342,647,5736,50934,313,667,5989,61057
CZE,2009,3,short,3,1,81,144,13,8,58,520,12,8,60,612
CZE,2009,3,short,3,2,2042,3292,27,97,2221,11738,27,102,2338,12679
CZE,2009,3,short,3,3,10,17,1,2,10,55,1,2,10,64
CZE,2009,3,short,3,4,153,284,10,7,98,1061,9,8,103,1260
CZE,2009,3,short,3,5,14,16,0,3,33,20,0,4,33,19
CZE,2009,3,short,3,6,82,130,22,26,68,425,21,25,70,490
CZE,2009,3,short,3,7,2508,5071,0,40,1231,19093,0,43,1299,23707
CZE,2009,3,short,3,8,859,1830,0,10,266,7006,0,11,282,8881
CZE,2009,3,short,3,9,506,1063,0,7,183,4045,0,7,194,5106
CZE,2009,3,short,3,10,255,504,10,25,136,1823,9,26,141,2293
CZE,2009,3,short,3,11,210,373,3,10,164,1395,3,10,174,1592
CZE,2009,3,short,3,12,370,563,9,37,542,1645,8,40,557,1859
CZE,2009,3,short,3,13,10,16,0,2,9,57,0,2,9,64
CZE,2009,3,short,3,14,87,170,1,3,46,646,1,3,48,780
CZE,2009,3,short,3,15,46,31,188,9,6,0,163,9,5,0
CZE,2009,3,short,3,16,506,667,57,361,663,1404,57,367,664,1651
CZE,2010,3,short,3,0,7484,13659,320,623,5621,49063,291,639,5873,58704
CZE,2010,3,short,3,1,73,133,8,6,47,488,7,7,49,580
CZE,2010,3,short,3,2,2014,3239,30,94,2185,11600,29,98,2302,12477
CZE,2010,3,short,3,3,9,16,3,2,8,51,2,2,9,62
CZE,2010,3,short,3,4,153,282,5,10,99,1056,5,10,104,1247
CZE,2010,3,short,3,5,18,26,0,3,30,64,0,3,31,74
CZE,2010,3,short,3,6,78,125,19,18,70,409,19,18,73,472
CZE,2010,3,short,3,7,2376,4790,6,42,1192,17984,6,45,1257,22327
CZE,2010,3,short,3,8,780,1651,0,9,254,6324,0,9,268,7992
CZE,2010,3,short,3,9,544,1145,0,6,204,4331,0,6,215,5490
CZE,2010,3,short,3,10,247,482,19,21,135,1750,18,22,141,2181
CZE,2010,3,short,3,11,185,329,3,7,145,1230,3,7,154,1408
CZE,2010,3,short,3,12,351,530,5,36,531,1517,5,39,547,1713
CZE,2010,3,short,3,13,12,21,1,0,10,77,1,0,10,91
CZE,2010,3,short,3,14,98,193,1,3,49,740,1,3,52,896
CZE,2010,3,short,3,15,44,29,175,9,5,0,153,9,5,0
CZE,2010,3,short,3,16,503,670,45,356,657,1441,43,360,658,1695
CZE,2011,3,short,3,0,7302,13321,301,625,5460,47912,273,641,5708,57261
CZE,2011,3,short,3,1,92,163,9,7,74,581,8,7,77,687
CZE,2011,3,short,3,2,1914,3086,20,96,2059,11067,19,102,2169,11921
CZE,2011,3,short,3,3,10,18,0,1,8,67,0,1,8,79
CZE,2011,3,short,3,4,185,349,7,10,104,1337,7,10,110,1577
CZE,2011,3,short,3,5,65,132,1,3,38,467,1,3,39,603
CZE,2011,3,short,3,6,147,256,23,30,100,902,23,30,102,1073
CZE,2011,3,short,3,7,2502,5044,9,48,1240,18963,8,50,1312,23528
CZE,2011,3,short,3,8,706,1487,1,13,231,5700,1,13,245,7185
CZE,2011,3,short,3,9,322,655,0,7,151,2465,0,8,159,3074
CZE,2011,3,short,3,10,179,353,10,16,103,1261,9,17,106,1593
CZE,2011,3,short,3,11,212,380,2,8,160,1428,2,8,171,1640
CZE,2011,3,short,3,12,335,512,5,34,492,1497,5,36,505,1696
CZE,2011,3,short,3,13,22,39,0,1,19,139,0,1,19,166
CZE,2011,3,short,3,14,79,158,1,3,39,594,1,3,41,732
CZE,2011,3,short,3,15,44,31,168,6,12,11,145,6,12,12
CZE,2011,3,short,3,16,489,657,46,342,632,1431,45,345,634,1696
CZE,2012,3,short,3,0,7223,13241,303,602,5286,47767,276,619,5532,57190
CZE,2012,3,short,3,1,106,193,10,9,75,697,9,10,79,830
CZE,2012,3,short,3,2,1887,3054,21,92,2003,10991,22,97,2115,11855
CZE,2012,3,short,3,3,12,21,3,2,6,79,2,2,7,92
CZE,2012,3,short,3,4,178,329,8,9,112,1244,8,9,119,1462
CZE,2012,3,short,3,5,64,132,0,3,31,478,0,3,32,615
CZE,2012,3,short,3,6,168,300,24,33,110,1056,23,33,113,1272
CZE,2012,3,short,3,7,2482,5035,7,47,1191,18933,6,50,1257,23580
CZE,2012,3,short,3,8,678,1430,1,12,222,5479,1,12,234,6910
CZE,2012,3,short,3,9,307,629,0,6,138,2370,0,6,144,2971
CZE,2012,3,short,3,10,178,357,13,12,90,1296,12,12,93,1640
CZE,2012,3,short,3,11,207,375,3,5,145,1438,3,5,155,1649
CZE,2012,3,short,3,12,327,499,5,28,477,1483,5,30,491,1663
CZE,2012,3,short,3,13,26,48,0,4,19,171,0,4,20,203
CZE,2012,3,short,3,14,88,175,1,4,44,663,1,4,46,815
CZE,2012,3,short,3,15,44,32,169,5,12,12,147,5,12,12
CZE,2012,3,short,3,16,472,633,38,333,612,1378,37,338,615,1622
CZE,2013,3,short,3,0,7137,13120,276,599,5108,47561,249,613,5350,56913
CZE,2013,3,short,3,1,97,187,5,7,54,692,4,7,57,845
CZE,2013,3,short,3,2,1835,2970,22,87,1920,10778,22,92,2028,11583
CZE,2013,3,short,3,3,14,25,2,3,11,81,2,3,11,101
CZE,2013,3,short,3,4,269,527,3,10,130,2035,2,10,138,2448
CZE,2013,3,short,3,5,77,163,0,5,29,598,0,5,30,775
CZE,2013,3,short,3,6,171,307,20,29,117,1084,19,29,121,1307
CZE,2013,3,short,3,7,2454,5000,6,45,1148,18813,6,47,1215,23474
CZE,2013,3,short,3,8,648,1362,1,12,212,5230,1,13,223,6580
CZE,2013,3,short,3,9,210,419,0,6,109,1570,0,7,114,1943
CZE,2013,3,short,3,10,179,343,19,20,105,1216,19,20,110,1524
CZE,2013,3,short,3,11,265,486,2,5,162,1916,2,6,173,2183
CZE,2013,3,short,3,12,329,506,5,30,483,1484,4,33,498,1685
CZE,2013,3,short,3,13,20,37,0,2,16,133,0,2,17,156
CZE,2013,3,short,3,14,73,148,0,3,31,567,0,3,33,696
CZE,2013,3,short,3,15,44,33,153,10,13,22,133,10,13,23
CZE,2013,3,short,3,16,451,608,38,325,567,1340,36,328,569,1590
CZE,2014,3,short,3,0,6754,12420,276,556,4828,45037,250,569,5054,53897
CZE,2014,3,short,3,1,108,205,3,5,64,773,3,6,67,924
CZE,2014,3,short,3,2,1805,2939,21,89,1843,10723,21,94,1946,11560
CZE,2014,3,short,3,3,13,25,1,1,8,90,1,1,8,109
CZE,2014,3,short,3,4,254,497,9,11,119,1905,8,11,127,2305
CZE,2014,3,short,3,5,73,156,2,3,30,568,2,3,31,740
CZE,2014,3,short,3,6,170,310,19,29,104,1108,18,29,107,1346
CZE,2014,3,short,3,7,2278,4655,11,40,1061,17474,10,42,1121,21869
CZE,2014,3,short,3,8,575,1208,1,11,196,4624,1,11,205,5822
CZE,2014,3,short,3,9,182,360,0,7,99,1348,0,8,104,1653
CZE,2014,3,short,3,10,158,318,7,10,82,1155,6,11,84,1463
CZE,2014,3,short,3,11,231,423,3,5,144,1659,4,5,154,1896
CZE,2014,3,short,3,12,316,481,5,33,452,1440,4,36,467,1607
CZE,2014,3,short,3,13,23,42,0,1,19,156,0,1,19,183
CZE,2014,3,short,3,14,75,152,1,3,31,577,1,3,33,716
CZE,2014,3,short,3,15,44,32,164,6,13,18,141,6,13,18
CZE,2014,3,short,3,16,449,618,29,301,565,1420,28,303,568,1686
CZE,2015,3,short,3,0,6921,12812,282,560,4778,46671,256,577,5007,55976
CZE,2015,3,short,3,1,120,229,8,6,66,863,7,6,70,1037
CZE,2015,3,short,3,2,1759,2884,21,82,1766,10555,21,87,1865,11429
CZE,2015,3,short,3,3,15,27,1,2,11,97,1,2,11,115
CZE,2015,3,short,3,4,268,531,10,9,117,2046,10,10,124,2489
CZE,2015,3,short,3,5,90,193,1,8,31,700,1,9,32,919
CZE,2015,3,short,3,6,188,345,20,28,117,1240,19,29,121,1501
CZE,2015,3,short,3,7,2340,4793,7,47,1047,18066,7,49,1108,22594
CZE,2015,3,short,3,8,570,1195,3,11,193,4581,3,12,203,5761
CZE,2015,3,short,3,9,189,370,0,8,108,1377,0,8,114,1686
CZE,2015,3,short,3,10,193,391,10,13,91,1431,10,14,95,1810
CZE,2015,3,short,3,11,267,484,4,7,175,1889,3,7,187,2148
CZE,2015,3,short,3,12,322,497,5,34,450,1504,5,36,464,1690
CZE,2015,3,short,3,13,26,46,1,1,21,168,2,1,22,196
CZE,2015,3,short,3,14,83,170,1,1,35,648,1,2,37,807
CZE,2015,3,short,3,15,42,31,154,8,12,14,133,8,12,16
CZE,2015,3,short,3,16,448,627,36,295,539,1493,36,298,543,1778
CZE,2016,3,short,3,0,6569,12067,310,553,4613,43916,279,569,4829,52453
CZE,2016,3,short,3,1,122,232,7,8,70,865,6,9,73,1045
CZE,2016,3,short,3,2,1751,2867,24,93,1719,10573,24,99,1812,11413
CZE,2016,3,short,3,3,14,26,3,1,6,98,2,1,7,117
CZE,2016,3,short,3,4,266,527,5,10,117,2038,5,10,124,2469
CZE,2016,3,short,3,5,83,177,1,3,32,652,1,3,33,847
CZE,2016,3,short,3,6,191,359,18,30,107,1296,16,31,111,1590
CZE,2016,3,short,3,7,2140,4359,9,49,999,16375,8,51,1056,20453
CZE,2016,3,short,3,8,508,1063,2,10,179,4064,2,10,190,5110
CZE,2016,3,short,3,9,169,330,1,5,97,1236,1,5,102,1507
CZE,2016,3,short,3,10,194,383,10,14,109,1383,10,14,113,1739
CZE,2016,3,short,3,11,239,431,5,7,161,1672,4,8,173,1897
CZE,2016,3,short,3,12,309,473,6,29,438,1428,5,31,452,1598
CZE,2016,3,short,3,13,22,40,0,2,13,152,0,2,14,176
CZE,2016,3,short,3,14,89,183,1,2,34,698,1,2,36,870
CZE,2016,3,short,3,15,48,35,179,8,11,18,155,8,12,20
CZE,2016,3,short,3,16,424,582,41,282,518,1367,39,285,523,1602
CZE,2017,3,short,3,0,6638,12249,293,554,4618,44562,264,570,4840,53379
CZE,2017,3,short,3,1,120,230,4,5,70,862,4,6,72,1041
CZE,2017,3,short,3,2,1722,2825,21,84,1690,10427,21,88,1787,11258
CZE,2017,3,short,3,3,13,23,1,1,9,85,1,2,10,100
CZE,2017,3,short,3,4,257,512,6,12,116,1953,6,12,122,2390
CZE,2017,3,short,3,5,98,216,0,3,31,796,0,3,33,1048
CZE,2017,3,short,3,6,189,365,16,22,90,1355,15,23,93,1664
CZE,2017,3,short,3,7,2205,4503,13,51,1020,16891,12,53,1077,21145
CZE,2017,3,short,3,8,482,1005,0,8,184,3819,0,9,195,4806
CZE,2017,3,short,3,9,166,322,1,7,97,1202,1,8,101,1466
CZE,2017,3,short,3,10,221,450,13,15,95,1661,12,16,99,2103
CZE,2017,3,short,3,11,249,456,3,5,156,1787,2,5,167,2040
CZE,2017,3,short,3,12,324,490,2,40,468,1453,2,43,482,1612
CZE,2017,3,short,3,13,26,48,0,2,16,183,0,2,17,212
CZE,2017,3,short,3,14,91,185,3,3,34,713,3,3,35,881
CZE,2017,3,short,3,15,47,34,177,7,11,17,152,7,12,19
CZE,2017,3,short,3,16,427,586,34,287,531,1360,33,290,537,1594
